dialogue_id,total_turns
MUL0001,10
MUL0002,7
MUL0005,9
MUL0006,8
MUL0007,7
MUL0008,14
MUL0009,9
MUL0010,10
MUL0015,9
MUL0017,7
MUL0019,10
MUL0020,11
MUL0022,11
MUL0023,15
MUL0024,11
MUL0025,11
MUL0026,9
MUL0027,6
MUL0028,8
MUL0029,5
MUL0030,4
MUL0031,9
MUL0033,11
MUL0037,9
MUL0038,8
MUL0040,8
MUL0041,4
MUL0042,5
MUL0043,8
MUL0044,13
MUL0045,11
MUL0048,10
MUL0050,10
MUL0052,8
MUL0053,13
MUL0054,6
MUL0056,6
MUL0057,8
MUL0058,7
MUL0059,9
MUL0061,10
MUL0062,10
MUL0063,7
MUL0064,8
MUL0066,9
MUL0067,10
MUL0068,7
MUL0069,16
MUL0070,11
MUL0074,9
MUL0075,9
MUL0076,13
MUL0077,7
MUL0078,9
MUL0079,6
MUL0081,10
MUL0083,10
MUL0084,15
MUL0085,10
MUL0086,12
MUL0087,8
MUL0090,7
MUL0091,8
MUL0092,8
MUL0094,10
MUL0096,8
MUL0097,13
MUL0098,6
MUL0100,8
MUL0101,9
MUL0102,6
MUL0103,7
MUL0104,6
MUL0105,10
MUL0108,7
MUL0109,9
MUL0110,9
MUL0111,10
MUL0112,9
MUL0114,12
MUL0115,10
MUL0117,8
MUL0118,7
MUL0119,8
MUL0120,12
MUL0121,6
MUL0122,8
MUL0123,13
MUL0124,8
MUL0125,12
MUL0127,11
MUL0130,10
MUL0131,9
MUL0132,8
MUL0133,7
MUL0134,9
MUL0136,9
MUL0137,13
MUL0138,11
MUL0139,11
MUL0140,12
MUL0141,10
MUL0143,11
MUL0145,10
MUL0146,8
MUL0147,8
MUL0149,8
MUL0150,7
MUL0151,8
MUL0152,9
MUL0153,5
MUL0155,11
MUL0156,11
MUL0157,12
MUL0158,11
MUL0159,9
MUL0160,12
MUL0161,8
MUL0162,8
MUL0163,12
MUL0164,7
MUL0165,7
MUL0166,6
MUL0167,7
MUL0168,7
MUL0169,11
MUL0170,9
MUL0171,6
MUL0173,10
MUL0174,9
MUL0175,7
MUL0176,14
MUL0179,7
MUL0180,9
MUL0181,7
MUL0183,15
MUL0184,11
MUL0185,9
MUL0186,11
MUL0188,10
MUL0189,10
MUL0190,9
MUL0191,10
MUL0192,8
MUL0193,12
MUL0194,11
MUL0195,10
MUL0196,11
MUL0200,10
MUL0201,8
MUL0203,6
MUL0204,7
MUL0205,10
MUL0210,11
MUL0211,7
MUL0213,9
MUL0214,6
MUL0215,8
MUL0216,8
MUL0217,6
MUL0218,7
MUL0220,8
MUL0221,8
MUL0223,8
MUL0224,8
MUL0226,9
MUL0231,9
MUL0232,6
MUL0234,7
MUL0235,7
MUL0236,10
MUL0238,9
MUL0240,10
MUL0241,9
MUL0243,8
MUL0245,7
MUL0246,10
MUL0247,7
MUL0248,8
MUL0249,6
MUL0250,11
MUL0251,7
MUL0252,12
MUL0253,8
MUL0254,8
MUL0255,7
MUL0256,7
MUL0257,7
MUL0258,7
MUL0259,8
MUL0261,9
MUL0262,6
MUL0263,9
MUL0265,8
MUL0266,7
MUL0267,8
MUL0268,8
MUL0270,8
MUL0271,7
MUL0273,9
MUL0274,7
MUL0275,7
MUL0277,6
MUL0278,6
MUL0279,8
MUL0280,8
MUL0281,12
MUL0282,9
MUL0283,9
MUL0284,7
MUL0285,7
MUL0288,9
MUL0289,9
MUL0290,10
MUL0291,6
MUL0292,5
MUL0294,7
MUL0295,6
MUL0296,7
MUL0298,7
MUL0299,11
MUL0301,8
MUL0303,7
MUL0304,10
MUL0307,8
MUL0308,6
MUL0310,8
MUL0314,7
MUL0315,8
MUL0318,8
MUL0319,7
MUL0320,8
MUL0322,9
MUL0324,10
MUL0325,8
MUL0327,13
MUL0328,9
MUL0329,7
MUL0330,10
MUL0331,8
MUL0333,9
MUL0334,7
MUL0335,9
MUL0336,8
MUL0339,7
MUL0342,6
MUL0343,12
MUL0345,6
MUL0347,7
MUL0349,12
MUL0350,7
MUL0351,8
MUL0355,7
MUL0356,7
MUL0357,9
MUL0358,8
MUL0359,7
MUL0360,6
MUL0361,11
MUL0363,7
MUL0365,8
MUL0366,6
MUL0367,7
MUL0372,9
MUL0375,7
MUL0377,7
MUL0378,7
MUL0380,6
MUL0381,9
MUL0382,7
MUL0385,7
MUL0387,10
MUL0390,7
MUL0392,9
MUL0393,9
MUL0394,6
MUL0395,7
MUL0396,8
MUL0399,9
MUL0400,5
MUL0402,7
MUL0403,7
MUL0404,7
MUL0405,6
MUL0406,8
MUL0407,7
MUL0408,8
MUL0410,9
MUL0411,6
MUL0412,7
MUL0413,7
MUL0414,7
MUL0415,8
MUL0416,6
MUL0417,6
MUL0419,7
MUL0420,6
MUL0421,6
MUL0422,9
MUL0423,7
MUL0424,8
MUL0427,6
MUL0428,7
MUL0429,8
MUL0431,7
MUL0433,7
MUL0434,6
MUL0435,7
MUL0436,6
MUL0437,6
MUL0438,8
MUL0439,8
MUL0440,6
MUL0441,8
MUL0442,7
MUL0443,6
MUL0444,7
MUL0446,7
MUL0447,7
MUL0449,7
MUL0451,7
MUL0453,11
MUL0455,6
MUL0456,8
MUL0458,10
MUL0459,6
MUL0460,6
MUL0461,8
MUL0462,7
MUL0464,6
MUL0465,7
MUL0467,7
MUL0468,8
MUL0470,8
MUL0471,7
MUL0472,8
MUL0475,5
MUL0477,7
MUL0479,8
MUL0480,6
MUL0481,6
MUL0482,7
MUL0483,9
MUL0485,6
MUL0486,8
MUL0487,9
MUL0488,9
MUL0491,8
MUL0494,6
MUL0495,6
MUL0497,7
MUL0499,6
MUL0500,9
MUL0501,6
MUL0502,6
MUL0503,6
MUL0504,8
MUL0506,8
MUL0507,6
MUL0508,10
MUL0511,7
MUL0514,7
MUL0516,6
MUL0518,7
MUL0519,6
MUL0520,6
MUL0521,7
MUL0522,6
MUL0523,6
MUL0525,6
MUL0526,8
MUL0529,7
MUL0530,7
MUL0531,7
MUL0532,10
MUL0534,6
MUL0535,8
MUL0538,8
MUL0541,7
MUL0542,7
MUL0543,7
MUL0545,9
MUL0546,10
MUL0547,8
MUL0548,9
MUL0550,7
MUL0551,7
MUL0552,8
MUL0553,7
MUL0554,6
MUL0556,10
MUL0557,8
MUL0558,7
MUL0560,8
MUL0561,6
MUL0562,7
MUL0563,9
MUL0564,5
MUL0565,8
MUL0566,5
MUL0567,7
MUL0568,6
MUL0569,9
MUL0572,8
MUL0573,6
MUL0574,9
MUL0576,7
MUL0577,7
MUL0578,8
MUL0579,6
MUL0581,6
MUL0582,9
MUL0583,7
MUL0584,6
MUL0585,7
MUL0586,6
MUL0587,7
MUL0588,10
MUL0589,13
MUL0590,9
MUL0591,6
MUL0592,7
MUL0593,8
MUL0595,6
MUL0596,6
MUL0597,7
MUL0599,7
MUL0600,6
MUL0601,6
MUL0604,10
MUL0605,7
MUL0606,8
MUL0607,8
MUL0608,9
MUL0609,10
MUL0611,10
MUL0612,9
MUL0614,8
MUL0615,8
MUL0616,9
MUL0617,10
MUL0618,6
MUL0619,9
MUL0620,8
MUL0623,7
MUL0626,8
MUL0629,8
MUL0630,9
MUL0632,8
MUL0633,9
MUL0634,7
MUL0636,13
MUL0639,9
MUL0640,7
MUL0643,7
MUL0644,9
MUL0645,11
MUL0646,7
MUL0647,9
MUL0648,9
MUL0649,6
MUL0652,8
MUL0653,11
MUL0655,8
MUL0656,8
MUL0658,8
MUL0659,9
MUL0660,9
MUL0662,8
MUL0664,6
MUL0665,8
MUL0666,15
MUL0667,12
MUL0668,9
MUL0670,8
MUL0672,12
MUL0678,8
MUL0679,13
MUL0680,11
MUL0683,8
MUL0684,8
MUL0685,13
MUL0686,12
MUL0688,10
MUL0689,7
MUL0692,7
MUL0693,8
MUL0695,11
MUL0697,8
MUL0698,7
MUL0699,9
MUL0700,11
MUL0701,7
MUL0704,9
MUL0705,7
MUL0708,7
MUL0709,9
MUL0710,7
MUL0711,15
MUL0712,7
MUL0714,9
MUL0715,8
MUL0716,6
MUL0717,10
MUL0718,9
MUL0720,11
MUL0721,8
MUL0722,7
MUL0723,7
MUL0724,7
MUL0725,7
MUL0726,6
MUL0727,7
MUL0728,9
MUL0730,11
MUL0732,8
MUL0733,8
MUL0734,8
MUL0735,10
MUL0736,9
MUL0740,11
MUL0741,10
MUL0742,11
MUL0743,8
MUL0746,13
MUL0747,8
MUL0748,8
MUL0749,9
MUL0750,6
MUL0752,11
MUL0753,8
MUL0755,8
MUL0756,8
MUL0757,9
MUL0758,11
MUL0762,10
MUL0763,10
MUL0764,8
MUL0765,6
MUL0766,7
MUL0767,11
MUL0768,8
MUL0769,9
MUL0770,8
MUL0771,8
MUL0774,7
MUL0775,7
MUL0776,8
MUL0777,12
MUL0778,9
MUL0779,7
MUL0780,7
MUL0781,9
MUL0782,6
MUL0783,8
MUL0784,12
MUL0786,9
MUL0788,10
MUL0790,8
MUL0792,8
MUL0793,11
MUL0794,11
MUL0795,6
MUL0796,7
MUL0797,10
MUL0799,7
MUL0800,10
MUL0801,7
MUL0802,8
MUL0804,7
MUL0805,8
MUL0807,9
MUL0808,9
MUL0809,7
MUL0811,7
MUL0812,7
MUL0813,10
MUL0815,7
MUL0816,7
MUL0817,7
MUL0820,6
MUL0823,8
MUL0824,9
MUL0825,8
MUL0826,12
MUL0829,7
MUL0832,9
MUL0833,7
MUL0834,7
MUL0835,8
MUL0836,9
MUL0837,8
MUL0840,5
MUL0846,7
MUL0847,8
MUL0850,8
MUL0851,7
MUL0852,10
MUL0853,6
MUL0854,6
MUL0855,6
MUL0856,9
MUL0857,13
MUL0858,7
MUL0859,6
MUL0860,7
MUL0861,8
MUL0862,5
MUL0863,9
MUL0864,9
MUL0865,7
MUL0866,11
MUL0867,5
MUL0868,7
MUL0870,9
MUL0872,8
MUL0873,13
MUL0874,15
MUL0875,11
MUL0876,8
MUL0877,6
MUL0879,6
MUL0880,9
MUL0882,8
MUL0883,7
MUL0884,6
MUL0885,6
MUL0886,6
MUL0887,7
MUL0889,10
MUL0891,9
MUL0892,5
MUL0894,13
MUL0895,7
MUL0897,10
MUL0898,6
MUL0900,9
MUL0902,5
MUL0903,9
MUL0904,10
MUL0905,7
MUL0906,5
MUL0907,7
MUL0908,11
MUL0909,7
MUL0910,6
MUL0911,6
MUL0913,6
MUL0914,10
MUL0916,7
MUL0917,9
MUL0918,7
MUL0919,7
MUL0920,6
MUL0921,7
MUL0922,11
MUL0924,7
MUL0925,7
MUL0926,1
MUL0927,6
MUL0928,5
MUL0929,8
MUL0930,8
MUL0931,6
MUL0932,11
MUL0934,8
MUL0935,11
MUL0936,4
MUL0938,10
MUL0940,6
MUL0942,8
MUL0943,8
MUL0944,6
MUL0945,3
MUL0946,9
MUL0948,6
MUL0949,7
MUL0950,6
MUL0951,7
MUL0952,5
MUL0953,6
MUL0954,11
MUL0955,7
MUL0956,9
MUL0958,7
MUL0961,11
MUL0963,8
MUL0964,11
MUL0965,11
MUL0966,11
MUL0967,8
MUL0968,8
MUL0969,7
MUL0970,8
MUL0972,9
MUL0973,7
MUL0974,8
MUL0975,7
MUL0976,9
MUL0977,6
MUL0979,12
MUL0980,8
MUL0981,8
MUL0982,7
MUL0983,6
MUL0984,6
MUL0986,8
MUL0987,5
MUL0988,7
MUL0989,6
MUL0991,6
MUL0993,6
MUL0994,9
MUL0996,8
MUL0997,5
MUL0998,8
MUL0999,6
MUL1000,9
MUL1001,19
MUL1002,10
MUL1004,4
MUL1005,7
MUL1006,6
MUL1007,10
MUL1009,6
MUL1010,8
MUL1011,7
MUL1012,7
MUL1013,9
MUL1014,11
MUL1016,8
MUL1017,8
MUL1018,7
MUL1019,8
MUL1020,8
MUL1021,6
MUL1023,9
MUL1026,7
MUL1027,14
MUL1029,7
MUL1030,6
MUL1031,14
MUL1032,7
MUL1033,10
MUL1035,9
MUL1036,7
MUL1037,7
MUL1038,12
MUL1039,8
MUL1040,5
MUL1041,7
MUL1043,10
MUL1046,8
MUL1047,8
MUL1048,9
MUL1049,10
MUL1051,7
MUL1052,9
MUL1053,6
MUL1054,6
MUL1056,7
MUL1057,9
MUL1058,12
MUL1061,10
MUL1062,8
MUL1063,8
MUL1065,7
MUL1067,7
MUL1068,8
MUL1069,8
MUL1070,9
MUL1072,8
MUL1073,9
MUL1074,10
MUL1075,9
MUL1079,9
MUL1080,9
MUL1081,7
MUL1082,12
MUL1083,9
MUL1084,10
MUL1085,10
MUL1086,8
MUL1087,9
MUL1089,5
MUL1090,9
MUL1092,5
MUL1093,10
MUL1094,9
MUL1095,7
MUL1096,8
MUL1097,7
MUL1098,10
MUL1099,10
MUL1100,11
MUL1101,10
MUL1102,13
MUL1103,11
MUL1104,8
MUL1105,7
MUL1106,5
MUL1107,8
MUL1108,9
MUL1109,9
MUL1111,8
MUL1112,9
MUL1113,11
MUL1114,11
MUL1115,5
MUL1116,6
MUL1118,10
MUL1119,8
MUL1120,10
MUL1121,7
MUL1123,6
MUL1124,7
MUL1127,8
MUL1129,7
MUL1132,9
MUL1134,8
MUL1135,9
MUL1136,7
MUL1138,9
MUL1140,8
MUL1141,6
MUL1142,6
MUL1143,10
MUL1144,10
MUL1145,7
MUL1147,6
MUL1148,6
MUL1149,9
MUL1150,8
MUL1151,8
MUL1152,14
MUL1153,6
MUL1154,11
MUL1155,10
MUL1156,11
MUL1157,6
MUL1161,6
MUL1163,10
MUL1164,6
MUL1165,6
MUL1168,12
MUL1169,11
MUL1170,6
MUL1171,10
MUL1172,13
MUL1173,7
MUL1175,7
MUL1176,10
MUL1177,10
MUL1178,7
MUL1179,10
MUL1180,7
MUL1181,8
MUL1182,7
MUL1184,14
MUL1185,8
MUL1186,10
MUL1187,7
MUL1188,8
MUL1190,5
MUL1191,22
MUL1193,14
MUL1194,10
MUL1195,7
MUL1196,5
MUL1197,10
MUL1198,11
MUL1199,7
MUL1200,9
MUL1201,10
MUL1203,15
MUL1204,6
MUL1205,7
MUL1206,8
MUL1207,8
MUL1208,7
MUL1209,6
MUL1210,7
MUL1213,9
MUL1214,6
MUL1215,13
MUL1216,10
MUL1217,13
MUL1218,7
MUL1219,10
MUL1220,8
MUL1222,12
MUL1223,8
MUL1224,10
MUL1225,6
MUL1226,10
MUL1229,9
MUL1230,10
MUL1231,6
MUL1232,9
MUL1233,9
MUL1234,6
MUL1235,10
MUL1236,11
MUL1237,5
MUL1238,12
MUL1239,8
MUL1241,7
MUL1242,11
MUL1243,8
MUL1244,10
MUL1246,8
MUL1250,9
MUL1251,9
MUL1252,10
MUL1253,11
MUL1255,9
MUL1257,10
MUL1259,8
MUL1260,10
MUL1261,8
MUL1262,12
MUL1263,8
MUL1264,7
MUL1265,9
MUL1266,12
MUL1267,7
MUL1269,9
MUL1270,8
MUL1272,11
MUL1275,6
MUL1277,9
MUL1279,11
MUL1280,9
MUL1281,10
MUL1282,9
MUL1283,10
MUL1284,8
MUL1287,7
MUL1290,6
MUL1291,9
MUL1293,8
MUL1294,6
MUL1296,8
MUL1298,11
MUL1299,9
MUL1300,12
MUL1301,7
MUL1302,12
MUL1303,7
MUL1304,7
MUL1305,5
MUL1306,14
MUL1307,10
MUL1308,8
MUL1309,8
MUL1310,11
MUL1311,7
MUL1312,12
MUL1313,8
MUL1314,8
MUL1315,9
MUL1316,7
MUL1317,9
MUL1319,7
MUL1320,14
MUL1321,9
MUL1322,7
MUL1323,8
MUL1324,10
MUL1325,8
MUL1327,6
MUL1328,11
MUL1329,9
MUL1330,16
MUL1331,10
MUL1332,21
MUL1333,10
MUL1334,9
MUL1335,11
MUL1336,9
MUL1337,9
MUL1339,11
MUL1340,8
MUL1343,8
MUL1344,10
MUL1345,8
MUL1346,5
MUL1348,11
MUL1349,1
MUL1352,10
MUL1353,21
MUL1354,10
MUL1355,9
MUL1356,13
MUL1358,14
MUL1359,8
MUL1361,8
MUL1362,10
MUL1363,11
MUL1364,8
MUL1366,12
MUL1369,9
MUL1371,13
MUL1372,5
MUL1373,8
MUL1374,7
MUL1375,8
MUL1377,14
MUL1378,6
MUL1380,8
MUL1383,10
MUL1384,11
MUL1385,8
MUL1386,5
MUL1387,9
MUL1388,7
MUL1389,11
MUL1390,10
MUL1391,13
MUL1393,9
MUL1394,11
MUL1395,9
MUL1396,5
MUL1397,8
MUL1398,10
MUL1399,11
MUL1400,10
MUL1401,7
MUL1402,7
MUL1403,6
MUL1404,8
MUL1405,13
MUL1406,8
MUL1408,11
MUL1411,14
MUL1412,8
MUL1413,8
MUL1414,7
MUL1416,9
MUL1420,7
MUL1421,10
MUL1423,7
MUL1424,5
MUL1425,8
MUL1427,9
MUL1428,5
MUL1429,7
MUL1430,11
MUL1431,9
MUL1432,8
MUL1434,8
MUL1435,8
MUL1436,7
MUL1437,9
MUL1438,11
MUL1439,7
MUL1440,10
MUL1441,9
MUL1442,5
MUL1443,7
MUL1444,6
MUL1445,8
MUL1446,8
MUL1447,9
MUL1448,8
MUL1449,5
MUL1451,9
MUL1452,9
MUL1454,12
MUL1456,6
MUL1458,9
MUL1459,16
MUL1460,9
MUL1461,5
MUL1464,13
MUL1465,10
MUL1467,9
MUL1468,7
MUL1469,7
MUL1470,7
MUL1471,8
MUL1473,6
MUL1474,8
MUL1477,6
MUL1479,11
MUL1480,8
MUL1481,7
MUL1483,11
MUL1484,5
MUL1485,8
MUL1486,9
MUL1488,7
MUL1490,7
MUL1494,9
MUL1495,9
MUL1496,8
MUL1497,10
MUL1498,11
MUL1499,8
MUL1501,11
MUL1502,10
MUL1504,11
MUL1506,11
MUL1507,8
MUL1509,7
MUL1510,7
MUL1511,9
MUL1512,6
MUL1513,7
MUL1516,8
MUL1518,8
MUL1519,6
MUL1520,8
MUL1521,7
MUL1522,14
MUL1523,9
MUL1524,8
MUL1525,11
MUL1526,9
MUL1528,6
MUL1529,7
MUL1530,8
MUL1532,8
MUL1533,8
MUL1534,7
MUL1535,9
MUL1536,9
MUL1537,9
MUL1538,8
MUL1539,8
MUL1541,10
MUL1542,8
MUL1543,7
MUL1544,9
MUL1545,7
MUL1547,8
MUL1548,8
MUL1551,10
MUL1553,5
MUL1557,7
MUL1558,6
MUL1559,8
MUL1561,11
MUL1562,8
MUL1563,9
MUL1565,8
MUL1566,6
MUL1567,9
MUL1568,9
MUL1570,7
MUL1572,9
MUL1573,8
MUL1574,8
MUL1577,6
MUL1578,6
MUL1579,7
MUL1580,10
MUL1581,9
MUL1582,7
MUL1583,8
MUL1584,5
MUL1585,8
MUL1586,11
MUL1587,10
MUL1591,7
MUL1592,9
MUL1593,9
MUL1595,7
MUL1597,8
MUL1599,10
MUL1600,9
MUL1601,10
MUL1602,10
MUL1605,8
MUL1608,8
MUL1609,12
MUL1610,6
MUL1611,7
MUL1613,8
MUL1614,11
MUL1616,8
MUL1618,9
MUL1619,10
MUL1621,10
MUL1623,10
MUL1625,7
MUL1628,10
MUL1629,7
MUL1630,9
MUL1631,9
MUL1632,7
MUL1634,8
MUL1637,8
MUL1639,11
MUL1640,6
MUL1641,6
MUL1643,10
MUL1644,10
MUL1645,8
MUL1646,8
MUL1648,11
MUL1653,6
MUL1654,7
MUL1656,9
MUL1658,7
MUL1659,7
MUL1660,7
MUL1662,8
MUL1665,9
MUL1666,8
MUL1667,5
MUL1668,7
MUL1670,8
MUL1671,7
MUL1672,8
MUL1674,8
MUL1677,9
MUL1679,11
MUL1680,7
MUL1681,7
MUL1682,6
MUL1683,12
MUL1684,7
MUL1685,9
MUL1686,9
MUL1687,8
MUL1688,9
MUL1689,6
MUL1691,8
MUL1693,7
MUL1694,9
MUL1696,8
MUL1698,7
MUL1699,7
MUL1700,8
MUL1701,6
MUL1702,8
MUL1703,6
MUL1704,6
MUL1705,6
MUL1706,7
MUL1707,6
MUL1708,8
MUL1709,9
MUL1710,9
MUL1711,6
MUL1713,7
MUL1714,9
MUL1715,7
MUL1716,8
MUL1717,7
MUL1720,7
MUL1721,6
MUL1723,8
MUL1724,8
MUL1725,9
MUL1726,8
MUL1727,7
MUL1728,8
MUL1729,7
MUL1730,10
MUL1731,8
MUL1732,7
MUL1733,6
MUL1734,8
MUL1735,9
MUL1736,6
MUL1737,7
MUL1741,7
MUL1742,9
MUL1743,7
MUL1744,7
MUL1745,6
MUL1747,7
MUL1748,8
MUL1749,6
MUL1750,6
MUL1751,9
MUL1752,5
MUL1754,8
MUL1755,7
MUL1757,7
MUL1760,8
MUL1761,7
MUL1764,6
MUL1765,7
MUL1767,8
MUL1769,7
MUL1771,7
MUL1772,7
MUL1773,8
MUL1774,7
MUL1775,7
MUL1776,6
MUL1777,5
MUL1778,6
MUL1779,8
MUL1781,5
MUL1782,8
MUL1783,7
MUL1784,7
MUL1785,7
MUL1786,7
MUL1788,7
MUL1789,7
MUL1790,7
MUL1791,7
MUL1792,6
MUL1793,7
MUL1794,6
MUL1795,7
MUL1796,8
MUL1797,6
MUL1798,10
MUL1801,7
MUL1802,7
MUL1804,8
MUL1805,8
MUL1807,6
MUL1809,7
MUL1810,6
MUL1812,6
MUL1813,5
MUL1814,7
MUL1815,6
MUL1816,7
MUL1817,8
MUL1819,10
MUL1820,6
MUL1822,6
MUL1823,8
MUL1824,6
MUL1825,8
MUL1826,6
MUL1827,9
MUL1829,9
MUL1830,7
MUL1832,9
MUL1834,7
MUL1835,7
MUL1839,6
MUL1840,8
MUL1841,6
MUL1842,8
MUL1845,9
MUL1846,6
MUL1847,8
MUL1849,10
MUL1850,6
MUL1851,7
MUL1852,7
MUL1853,9
MUL1856,8
MUL1857,10
MUL1859,7
MUL1861,7
MUL1862,8
MUL1863,8
MUL1864,8
MUL1865,9
MUL1866,10
MUL1867,6
MUL1868,6
MUL1869,6
MUL1871,6
MUL1872,8
MUL1874,6
MUL1875,6
MUL1876,6
MUL1877,7
MUL1878,7
MUL1880,7
MUL1882,8
MUL1885,7
MUL1886,6
MUL1887,7
MUL1889,7
MUL1890,8
MUL1891,7
MUL1892,8
MUL1893,6
MUL1894,6
MUL1895,6
MUL1896,6
MUL1902,7
MUL1905,8
MUL1906,6
MUL1907,6
MUL1909,13
MUL1910,6
MUL1911,6
MUL1912,6
MUL1913,8
MUL1914,6
MUL1915,7
MUL1917,8
MUL1918,7
MUL1919,10
MUL1921,9
MUL1922,8
MUL1924,8
MUL1925,9
MUL1927,7
MUL1928,8
MUL1929,6
MUL1930,9
MUL1931,7
MUL1932,10
MUL1933,9
MUL1936,7
MUL1937,11
MUL1938,6
MUL1939,9
MUL1940,6
MUL1941,6
MUL1942,6
MUL1943,6
MUL1944,8
MUL1945,6
MUL1946,7
MUL1947,11
MUL1948,8
MUL1949,5
MUL1950,8
MUL1951,7
MUL1952,8
MUL1953,8
MUL1954,9
MUL1955,6
MUL1956,8
MUL1957,7
MUL1959,8
MUL1960,7
MUL1961,6
MUL1962,6
MUL1964,10
MUL1965,8
MUL1966,8
MUL1969,6
MUL1970,7
MUL1974,7
MUL1978,7
MUL1979,5
MUL1980,6
MUL1982,3
MUL1984,7
MUL1985,6
MUL1987,7
MUL1989,7
MUL1990,8
MUL1991,9
MUL1992,7
MUL1993,8
MUL1994,7
MUL1996,8
MUL1997,9
MUL1998,8
MUL1999,8
MUL2002,10
MUL2003,8
MUL2005,7
MUL2006,9
MUL2007,9
MUL2008,9
MUL2010,8
MUL2011,8
MUL2015,7
MUL2017,8
MUL2018,16
MUL2019,8
MUL2021,7
MUL2022,9
MUL2023,10
MUL2024,8
MUL2025,9
MUL2026,8
MUL2027,8
MUL2028,12
MUL2029,11
MUL2030,7
MUL2031,7
MUL2032,8
MUL2033,9
MUL2034,8
MUL2035,8
MUL2036,11
MUL2037,9
MUL2038,9
MUL2040,7
MUL2043,9
MUL2044,8
MUL2045,8
MUL2046,11
MUL2047,10
MUL2048,7
MUL2049,10
MUL2050,12
MUL2052,8
MUL2054,6
MUL2055,9
MUL2056,9
MUL2057,9
MUL2059,7
MUL2061,8
MUL2062,8
MUL2066,10
MUL2068,9
MUL2069,7
MUL2070,7
MUL2071,10
MUL2073,9
MUL2075,7
MUL2076,6
MUL2078,7
MUL2079,10
MUL2080,7
MUL2081,11
MUL2084,10
MUL2085,9
MUL2087,7
MUL2088,9
MUL2090,7
MUL2091,6
MUL2093,9
MUL2094,7
MUL2095,9
MUL2098,9
MUL2101,8
MUL2102,8
MUL2103,7
MUL2104,7
MUL2105,9
MUL2107,6
MUL2109,6
MUL2110,7
MUL2112,5
MUL2113,7
MUL2114,9
MUL2115,9
MUL2118,7
MUL2121,9
MUL2123,10
MUL2124,9
MUL2125,10
MUL2126,8
MUL2127,9
MUL2128,7
MUL2129,8
MUL2131,7
MUL2132,7
MUL2133,7
MUL2134,8
MUL2135,4
MUL2136,8
MUL2140,12
MUL2141,7
MUL2142,9
MUL2143,8
MUL2144,9
MUL2145,6
MUL2147,9
MUL2149,9
MUL2150,8
MUL2153,8
MUL2154,7
MUL2156,14
MUL2157,15
MUL2158,8
MUL2159,6
MUL2161,5
MUL2163,7
MUL2164,6
MUL2165,6
MUL2166,8
MUL2167,9
MUL2168,8
MUL2169,7
MUL2170,7
MUL2171,9
MUL2172,7
MUL2174,16
MUL2175,9
MUL2176,7
MUL2178,7
MUL2179,8
MUL2180,10
MUL2181,9
MUL2182,6
MUL2183,11
MUL2185,9
MUL2186,11
MUL2187,8
MUL2188,9
MUL2189,9
MUL2190,8
MUL2191,7
MUL2192,8
MUL2194,8
MUL2196,7
MUL2198,9
MUL2200,10
MUL2201,6
MUL2202,9
MUL2203,9
MUL2205,8
MUL2207,9
MUL2208,11
MUL2209,11
MUL2210,7
MUL2211,10
MUL2212,7
MUL2213,6
MUL2214,7
MUL2215,7
MUL2216,9
MUL2217,8
MUL2219,7
MUL2220,8
MUL2221,8
MUL2224,8
MUL2226,8
MUL2227,8
MUL2229,8
MUL2230,8
MUL2231,7
MUL2232,8
MUL2233,9
MUL2234,5
MUL2235,9
MUL2236,11
MUL2237,6
MUL2238,8
MUL2239,9
MUL2240,8
MUL2241,9
MUL2242,9
MUL2243,8
MUL2244,9
MUL2245,9
MUL2246,11
MUL2247,8
MUL2248,9
MUL2250,9
MUL2252,9
MUL2253,8
MUL2255,9
MUL2256,11
MUL2257,8
MUL2260,8
MUL2261,8
MUL2262,7
MUL2264,8
MUL2265,10
MUL2266,8
MUL2267,9
MUL2272,9
MUL2273,8
MUL2274,7
MUL2276,8
MUL2278,6
MUL2279,9
MUL2280,5
MUL2283,8
MUL2285,8
MUL2286,6
MUL2287,8
MUL2288,9
MUL2292,10
MUL2293,8
MUL2295,7
MUL2296,8
MUL2297,7
MUL2298,7
MUL2299,8
MUL2300,8
MUL2302,9
MUL2303,7
MUL2304,13
MUL2306,6
MUL2308,8
MUL2310,8
MUL2311,6
MUL2312,5
MUL2313,7
MUL2314,7
MUL2315,5
MUL2318,6
MUL2322,6
MUL2323,6
MUL2325,8
MUL2326,6
MUL2327,5
MUL2328,6
MUL2329,12
MUL2331,12
MUL2332,8
MUL2333,6
MUL2334,8
MUL2335,7
MUL2336,8
MUL2337,8
MUL2338,8
MUL2339,9
MUL2340,7
MUL2342,9
MUL2343,10
MUL2345,9
MUL2346,7
MUL2348,7
MUL2349,5
MUL2350,6
MUL2352,7
MUL2353,9
MUL2354,6
MUL2355,7
MUL2356,12
MUL2357,9
MUL2362,9
MUL2363,8
MUL2364,6
MUL2367,7
MUL2369,9
MUL2370,9
MUL2371,5
MUL2373,9
MUL2374,9
MUL2375,6
MUL2377,7
MUL2379,9
MUL2380,10
MUL2381,6
MUL2382,7
MUL2383,8
MUL2385,13
MUL2388,7
MUL2390,6
MUL2391,7
MUL2392,7
MUL2394,12
MUL2395,7
MUL2396,6
MUL2397,10
MUL2398,8
MUL2399,9
MUL2400,13
MUL2401,9
MUL2402,7
MUL2403,5
MUL2404,7
MUL2406,9
MUL2407,11
MUL2408,7
MUL2409,6
MUL2411,5
MUL2412,8
MUL2413,8
MUL2414,8
MUL2416,14
MUL2417,7
MUL2419,11
MUL2420,7
MUL2422,7
MUL2424,7
MUL2425,6
MUL2426,7
MUL2428,11
MUL2429,9
MUL2430,10
MUL2431,11
MUL2433,8
MUL2434,5
MUL2435,6
MUL2436,10
MUL2437,6
MUL2438,5
MUL2440,8
MUL2441,8
MUL2443,6
MUL2444,10
MUL2445,8
MUL2446,7
MUL2447,12
MUL2449,8
MUL2450,8
MUL2451,7
MUL2452,9
MUL2453,7
MUL2454,9
MUL2455,9
MUL2458,7
MUL2459,8
MUL2460,7
MUL2461,6
MUL2462,8
MUL2463,7
MUL2464,6
MUL2465,8
MUL2469,7
MUL2471,8
MUL2472,5
MUL2473,8
MUL2474,7
MUL2475,8
MUL2476,8
MUL2477,8
MUL2478,9
MUL2479,8
MUL2480,7
MUL2481,7
MUL2483,6
MUL2484,8
MUL2485,8
MUL2488,7
MUL2490,9
MUL2492,10
MUL2493,5
MUL2494,8
MUL2496,7
MUL2497,5
MUL2498,7
MUL2500,9
MUL2501,10
MUL2502,6
MUL2503,6
MUL2504,5
MUL2505,6
MUL2506,7
MUL2508,7
MUL2509,8
MUL2510,12
MUL2511,8
MUL2512,8
MUL2513,7
MUL2514,5
MUL2515,7
MUL2516,6
MUL2517,8
MUL2518,8
MUL2519,8
MUL2520,5
MUL2521,8
MUL2522,9
MUL2524,13
MUL2527,7
MUL2528,9
MUL2529,9
MUL2530,6
MUL2531,10
MUL2532,9
MUL2533,7
MUL2534,6
MUL2535,7
MUL2536,7
MUL2537,9
MUL2538,9
MUL2539,8
MUL2540,9
MUL2543,8
MUL2544,5
MUL2545,11
MUL2546,7
MUL2547,6
MUL2548,7
MUL2549,8
MUL2550,10
MUL2551,7
MUL2552,8
MUL2553,7
MUL2554,9
MUL2555,7
MUL2556,5
MUL2557,8
MUL2558,10
MUL2559,8
MUL2560,13
MUL2561,8
MUL2562,7
MUL2563,6
MUL2564,7
MUL2565,12
MUL2566,9
MUL2568,10
MUL2570,7
MUL2571,5
MUL2572,10
MUL2573,5
MUL2575,8
MUL2576,6
MUL2577,7
MUL2578,9
MUL2579,8
MUL2580,7
MUL2581,9
MUL2582,6
MUL2583,8
MUL2584,6
MUL2585,9
MUL2586,6
MUL2588,8
MUL2589,8
MUL2590,9
MUL2591,9
MUL2592,8
MUL2593,6
MUL2594,8
MUL2595,7
MUL2596,6
MUL2597,10
MUL2598,9
MUL2599,8
MUL2600,9
MUL2601,6
MUL2602,8
MUL2603,9
MUL2604,8
MUL2605,9
MUL2606,8
MUL2607,8
MUL2608,6
MUL2610,8
MUL2611,6
MUL2613,6
MUL2614,9
MUL2616,10
MUL2617,10
MUL2619,7
MUL2620,9
MUL2621,6
MUL2622,9
MUL2623,6
MUL2624,8
MUL2625,6
MUL2626,10
MUL2627,8
MUL2628,8
MUL2629,9
MUL2631,12
MUL2632,6
MUL2633,8
MUL2634,8
MUL2635,13
MUL2636,10
MUL2639,4
MUL2641,5
MUL2642,13
MUL2643,7
MUL2645,5
MUL2647,6
MUL2648,8
MUL2650,5
MUL2651,10
MUL2652,12
MUL2653,7
MUL2654,12
MUL2655,7
MUL2656,7
MUL2659,11
MUL2660,7
MUL2661,9
MUL2662,10
MUL2663,5
MUL2666,11
MUL2667,5
MUL2668,7
MUL2669,10
MUL2671,7
MUL2672,8
MUL2673,7
MUL2674,9
MUL2676,5
MUL2678,7
MUL2679,9
MUL2680,5
MUL2681,9
MUL2682,6
MUL2684,7
MUL2685,7
MUL2687,5
MUL2689,5
MUL2691,12
MUL2692,5
MUL2694,10
MUL2695,9
MUL2696,6
MUL2697,6
MUL2698,5
MUL2700,8
PMUL0001,13
PMUL0002,10
PMUL0003,8
PMUL0005,16
PMUL0007,11
PMUL0008,9
PMUL0011,9
PMUL0013,5
PMUL0014,10
PMUL0016,11
PMUL0017,4
PMUL0018,8
PMUL0019,7
PMUL0020,9
PMUL0021,10
PMUL0022,11
PMUL0023,8
PMUL0024,9
PMUL0026,6
PMUL0027,12
PMUL0028,6
PMUL0029,10
PMUL0030,11
PMUL0031,9
PMUL0034,8
PMUL0035,5
PMUL0037,14
PMUL0038,8
PMUL0039,7
PMUL0040,9
PMUL0041,11
PMUL0042,9
PMUL0043,14
PMUL0044,9
PMUL0046,11
PMUL0047,7
PMUL0049,7
PMUL0050,9
PMUL0052,10
PMUL0053,10
PMUL0054,13
PMUL0055,8
PMUL0056,9
PMUL0057,11
PMUL0058,13
PMUL0059,7
PMUL0060,7
PMUL0061,8
PMUL0063,2
PMUL0064,6
PMUL0065,9
PMUL0068,9
PMUL0070,7
PMUL0073,11
PMUL0074,10
PMUL0075,9
PMUL0078,11
PMUL0081,9
PMUL0082,9
PMUL0085,15
PMUL0086,9
PMUL0087,7
PMUL0088,11
PMUL0091,9
PMUL0092,10
PMUL0094,7
PMUL0097,5
PMUL0098,10
PMUL0099,8
PMUL0101,10
PMUL0102,9
PMUL0103,5
PMUL0104,5
PMUL0105,13
PMUL0106,8
PMUL0107,14
PMUL0110,7
PMUL0111,11
PMUL0112,3
PMUL0113,7
PMUL0114,5
PMUL0115,13
PMUL0116,9
PMUL0120,11
PMUL0121,7
PMUL0122,9
PMUL0123,12
PMUL0125,9
PMUL0126,9
PMUL0130,14
PMUL0131,10
PMUL0132,11
PMUL0133,8
PMUL0135,6
PMUL0136,8
PMUL0138,8
PMUL0139,10
PMUL0140,9
PMUL0141,6
PMUL0143,7
PMUL0144,11
PMUL0145,8
PMUL0146,13
PMUL0147,11
PMUL0148,4
PMUL0149,9
PMUL0150,9
PMUL0151,7
PMUL0152,10
PMUL0153,5
PMUL0154,7
PMUL0156,7
PMUL0158,9
PMUL0159,9
PMUL0160,9
PMUL0161,7
PMUL0163,9
PMUL0165,13
PMUL0166,15
PMUL0167,9
PMUL0168,10
PMUL0169,12
PMUL0170,8
PMUL0172,10
PMUL0173,3
PMUL0174,9
PMUL0175,8
PMUL0179,9
PMUL0180,14
PMUL0181,13
PMUL0183,9
PMUL0185,11
PMUL0186,9
PMUL0188,8
PMUL0189,12
PMUL0190,6
PMUL0191,8
PMUL0192,4
PMUL0193,9
PMUL0194,7
PMUL0195,9
PMUL0196,9
PMUL0197,7
PMUL0199,9
PMUL0200,9
PMUL0201,7
PMUL0202,6
PMUL0203,4
PMUL0208,8
PMUL0209,8
PMUL0210,8
PMUL0211,8
PMUL0213,6
PMUL0214,11
PMUL0215,8
PMUL0216,8
PMUL0217,7
PMUL0218,9
PMUL0219,11
PMUL0220,11
PMUL0222,5
PMUL0224,7
PMUL0225,9
PMUL0226,12
PMUL0227,6
PMUL0228,9
PMUL0229,13
PMUL0230,8
PMUL0231,9
PMUL0233,7
PMUL0234,6
PMUL0235,15
PMUL0236,7
PMUL0237,16
PMUL0239,8
PMUL0240,12
PMUL0241,11
PMUL0242,10
PMUL0243,10
PMUL0245,10
PMUL0246,9
PMUL0247,5
PMUL0248,6
PMUL0249,5
PMUL0251,7
PMUL0252,10
PMUL0253,7
PMUL0254,10
PMUL0255,11
PMUL0257,9
PMUL0258,7
PMUL0259,7
PMUL0260,7
PMUL0261,11
PMUL0263,7
PMUL0264,8
PMUL0268,7
PMUL0269,6
PMUL0270,7
PMUL0271,20
PMUL0272,8
PMUL0274,10
PMUL0275,13
PMUL0277,13
PMUL0278,6
PMUL0279,11
PMUL0280,11
PMUL0282,10
PMUL0283,11
PMUL0284,9
PMUL0285,13
PMUL0288,9
PMUL0290,4
PMUL0291,7
PMUL0292,8
PMUL0293,8
PMUL0295,4
PMUL0296,12
PMUL0297,12
PMUL0298,10
PMUL0300,10
PMUL0302,7
PMUL0303,8
PMUL0304,6
PMUL0305,8
PMUL0306,8
PMUL0307,9
PMUL0308,10
PMUL0309,10
PMUL0310,11
PMUL0311,8
PMUL0313,7
PMUL0314,9
PMUL0315,10
PMUL0316,8
PMUL0317,8
PMUL0319,6
PMUL0322,16
PMUL0323,3
PMUL0324,10
PMUL0325,9
PMUL0326,11
PMUL0327,9
PMUL0328,9
PMUL0329,8
PMUL0330,6
PMUL0331,10
PMUL0332,10
PMUL0333,10
PMUL0335,8
PMUL0336,14
PMUL0337,7
PMUL0338,9
PMUL0339,8
PMUL0340,10
PMUL0341,5
PMUL0342,12
PMUL0344,12
PMUL0345,9
PMUL0346,11
PMUL0347,8
PMUL0349,8
PMUL0350,9
PMUL0351,9
PMUL0353,13
PMUL0354,10
PMUL0355,7
PMUL0357,14
PMUL0359,9
PMUL0361,12
PMUL0362,9
PMUL0363,7
PMUL0364,6
PMUL0366,11
PMUL0368,8
PMUL0369,8
PMUL0370,8
PMUL0371,11
PMUL0373,12
PMUL0375,4
PMUL0376,8
PMUL0378,8
PMUL0379,9
PMUL0381,9
PMUL0382,12
PMUL0383,7
PMUL0384,9
PMUL0386,8
PMUL0387,10
PMUL0388,11
PMUL0390,8
PMUL0391,8
PMUL0392,9
PMUL0393,7
PMUL0394,9
PMUL0395,11
PMUL0396,11
PMUL0397,11
PMUL0401,12
PMUL0402,8
PMUL0403,11
PMUL0404,8
PMUL0405,9
PMUL0406,9
PMUL0407,9
PMUL0408,7
PMUL0409,8
PMUL0411,9
PMUL0412,12
PMUL0413,15
PMUL0414,3
PMUL0416,9
PMUL0417,12
PMUL0418,9
PMUL0419,8
PMUL0421,7
PMUL0422,10
PMUL0424,9
PMUL0425,6
PMUL0426,8
PMUL0427,11
PMUL0428,6
PMUL0429,9
PMUL0430,6
PMUL0431,10
PMUL0433,8
PMUL0434,6
PMUL0435,9
PMUL0436,13
PMUL0437,9
PMUL0438,7
PMUL0439,8
PMUL0442,3
PMUL0443,13
PMUL0445,8
PMUL0446,7
PMUL0448,13
PMUL0449,9
PMUL0450,7
PMUL0451,8
PMUL0452,11
PMUL0453,16
PMUL0454,9
PMUL0455,9
PMUL0456,10
PMUL0458,11
PMUL0459,3
PMUL0460,14
PMUL0461,8
PMUL0463,9
PMUL0465,8
PMUL0466,10
PMUL0467,8
PMUL0468,10
PMUL0470,11
PMUL0471,8
PMUL0472,8
PMUL0473,7
PMUL0474,13
PMUL0476,8
PMUL0477,3
PMUL0478,8
PMUL0479,11
PMUL0480,6
PMUL0481,11
PMUL0482,10
PMUL0483,9
PMUL0485,7
PMUL0486,7
PMUL0487,8
PMUL0488,10
PMUL0490,9
PMUL0491,9
PMUL0492,8
PMUL0493,15
PMUL0494,6
PMUL0495,9
PMUL0496,6
PMUL0497,7
PMUL0498,8
PMUL0500,8
PMUL0501,8
PMUL0502,10
PMUL0503,3
PMUL0504,7
PMUL0505,7
PMUL0507,7
PMUL0510,8
PMUL0511,8
PMUL0513,6
PMUL0514,8
PMUL0516,13
PMUL0517,3
PMUL0519,9
PMUL0524,6
PMUL0525,5
PMUL0526,9
PMUL0527,9
PMUL0528,7
PMUL0530,10
PMUL0531,9
PMUL0532,7
PMUL0533,7
PMUL0534,9
PMUL0536,9
PMUL0537,7
PMUL0538,7
PMUL0540,3
PMUL0541,4
PMUL0542,8
PMUL0544,7
PMUL0546,10
PMUL0547,8
PMUL0549,11
PMUL0551,8
PMUL0552,8
PMUL0553,8
PMUL0557,5
PMUL0560,9
PMUL0561,9
PMUL0565,7
PMUL0568,9
PMUL0570,3
PMUL0576,5
PMUL0580,6
PMUL0581,8
PMUL0583,8
PMUL0584,10
PMUL0585,11
PMUL0586,9
PMUL0587,9
PMUL0591,9
PMUL0592,6
PMUL0593,7
PMUL0594,5
PMUL0595,8
PMUL0597,8
PMUL0598,10
PMUL0602,4
PMUL0603,7
PMUL0604,10
PMUL0606,7
PMUL0608,10
PMUL0609,10
PMUL0610,8
PMUL0612,8
PMUL0613,12
PMUL0614,8
PMUL0617,8
PMUL0619,9
PMUL0620,7
PMUL0621,11
PMUL0625,9
PMUL0627,10
PMUL0628,9
PMUL0629,7
PMUL0631,3
PMUL0632,13
PMUL0633,9
PMUL0635,8
PMUL0636,10
PMUL0637,8
PMUL0638,8
PMUL0639,7
PMUL0640,12
PMUL0641,8
PMUL0642,10
PMUL0643,7
PMUL0644,8
PMUL0645,6
PMUL0647,6
PMUL0648,11
PMUL0649,6
PMUL0650,7
PMUL0651,3
PMUL0652,9
PMUL0654,3
PMUL0656,6
PMUL0657,4
PMUL0658,9
PMUL0660,8
PMUL0661,9
PMUL0662,10
PMUL0663,7
PMUL0664,9
PMUL0665,8
PMUL0666,9
PMUL0667,9
PMUL0668,7
PMUL0671,8
PMUL0672,8
PMUL0673,7
PMUL0675,12
PMUL0676,7
PMUL0677,8
PMUL0678,9
PMUL0679,11
PMUL0681,4
PMUL0682,7
PMUL0683,11
PMUL0684,7
PMUL0686,8
PMUL0691,10
PMUL0693,7
PMUL0694,9
PMUL0695,7
PMUL0699,6
PMUL0700,9
PMUL0702,6
PMUL0703,8
PMUL0704,8
PMUL0706,9
PMUL0707,4
PMUL0708,10
PMUL0709,10
PMUL0710,7
PMUL0712,7
PMUL0714,8
PMUL0715,4
PMUL0718,12
PMUL0719,12
PMUL0721,10
PMUL0722,5
PMUL0723,9
PMUL0726,9
PMUL0727,7
PMUL0730,3
PMUL0731,9
PMUL0733,9
PMUL0734,8
PMUL0735,11
PMUL0737,9
PMUL0738,8
PMUL0741,9
PMUL0742,9
PMUL0746,8
PMUL0747,7
PMUL0748,8
PMUL0749,9
PMUL0752,9
PMUL0753,7
PMUL0754,11
PMUL0755,6
PMUL0756,11
PMUL0757,7
PMUL0761,7
PMUL0762,9
PMUL0766,7
PMUL0767,8
PMUL0769,7
PMUL0770,9
PMUL0771,7
PMUL0773,8
PMUL0775,7
PMUL0776,6
PMUL0777,5
PMUL0778,9
PMUL0779,7
PMUL0781,9
PMUL0784,9
PMUL0786,7
PMUL0788,6
PMUL0789,9
PMUL0791,8
PMUL0792,6
PMUL0793,9
PMUL0797,10
PMUL0798,8
PMUL0799,7
PMUL0800,8
PMUL0801,11
PMUL0802,8
PMUL0803,13
PMUL0807,8
PMUL0808,8
PMUL0809,8
PMUL0810,7
PMUL0811,10
PMUL0812,9
PMUL0813,7
PMUL0814,6
PMUL0816,11
PMUL0817,7
PMUL0818,4
PMUL0819,7
PMUL0822,10
PMUL0823,9
PMUL0824,8
PMUL0825,11
PMUL0826,8
PMUL0827,9
PMUL0829,10
PMUL0833,8
PMUL0834,7
PMUL0836,11
PMUL0837,8
PMUL0838,7
PMUL0840,6
PMUL0841,11
PMUL0842,9
PMUL0843,8
PMUL0845,7
PMUL0847,8
PMUL0848,11
PMUL0849,6
PMUL0850,7
PMUL0851,10
PMUL0852,12
PMUL0853,5
PMUL0854,12
PMUL0855,6
PMUL0859,9
PMUL0860,8
PMUL0861,8
PMUL0862,7
PMUL0865,9
PMUL0866,6
PMUL0867,4
PMUL0868,10
PMUL0869,7
PMUL0876,8
PMUL0878,11
PMUL0879,9
PMUL0880,7
PMUL0881,8
PMUL0884,10
PMUL0885,5
PMUL0886,10
PMUL0887,9
PMUL0888,8
PMUL0890,9
PMUL0891,7
PMUL0892,7
PMUL0893,9
PMUL0894,14
PMUL0895,5
PMUL0897,9
PMUL0898,3
PMUL0900,9
PMUL0901,10
PMUL0903,6
PMUL0905,8
PMUL0906,7
PMUL0907,8
PMUL0908,9
PMUL0909,12
PMUL0910,7
PMUL0911,7
PMUL0913,9
PMUL0914,9
PMUL0915,5
PMUL0916,8
PMUL0917,8
PMUL0918,7
PMUL0920,7
PMUL0921,7
PMUL0924,4
PMUL0925,10
PMUL0926,8
PMUL0930,8
PMUL0931,9
PMUL0932,9
PMUL0933,7
PMUL0934,3
PMUL0935,8
PMUL0937,10
PMUL0939,7
PMUL0940,5
PMUL0942,9
PMUL0943,10
PMUL0944,8
PMUL0945,9
PMUL0946,8
PMUL0947,8
PMUL0948,9
PMUL0949,3
PMUL0950,8
PMUL0951,13
PMUL0952,8
PMUL0954,8
PMUL0955,9
PMUL0956,8
PMUL0960,9
PMUL0962,7
PMUL0964,8
PMUL0966,8
PMUL0967,3
PMUL0968,12
PMUL0969,7
PMUL0970,9
PMUL0971,3
PMUL0975,9
PMUL0976,8
PMUL0977,7
PMUL0979,9
PMUL0980,9
PMUL0981,7
PMUL0983,10
PMUL0985,8
PMUL0988,10
PMUL0989,8
PMUL0990,8
PMUL0991,3
PMUL0992,9
PMUL0995,7
PMUL0997,10
PMUL0999,8
PMUL1000,6
PMUL1003,9
PMUL1006,9
PMUL1007,7
PMUL1009,8
PMUL1010,8
PMUL1011,6
PMUL1013,7
PMUL1014,5
PMUL1015,7
PMUL1017,5
PMUL1020,8
PMUL1021,3
PMUL1022,6
PMUL1024,7
PMUL1026,6
PMUL1027,6
PMUL1028,8
PMUL1030,9
PMUL1031,8
PMUL1032,6
PMUL1033,10
PMUL1035,11
PMUL1037,8
PMUL1038,6
PMUL1039,9
PMUL1040,4
PMUL1041,9
PMUL1042,5
PMUL1043,7
PMUL1044,11
PMUL1045,10
PMUL1047,8
PMUL1049,7
PMUL1050,4
PMUL1051,8
PMUL1053,7
PMUL1056,6
PMUL1058,10
PMUL1060,8
PMUL1062,8
PMUL1064,8
PMUL1066,8
PMUL1068,8
PMUL1070,9
PMUL1073,8
PMUL1075,7
PMUL1076,8
PMUL1077,7
PMUL1079,7
PMUL1080,7
PMUL1082,6
PMUL1083,3
PMUL1084,7
PMUL1085,8
PMUL1086,7
PMUL1088,7
PMUL1090,6
PMUL1092,8
PMUL1094,9
PMUL1095,4
PMUL1096,7
PMUL1097,5
PMUL1098,6
PMUL1099,8
PMUL1101,9
PMUL1102,5
PMUL1103,8
PMUL1107,11
PMUL1111,9
PMUL1112,7
PMUL1115,8
PMUL1117,9
PMUL1119,4
PMUL1120,7
PMUL1123,5
PMUL1124,6
PMUL1125,3
PMUL1126,7
PMUL1127,6
PMUL1130,9
PMUL1131,11
PMUL1134,7
PMUL1135,8
PMUL1138,4
PMUL1139,9
PMUL1141,8
PMUL1143,3
PMUL1144,3
PMUL1145,7
PMUL1146,7
PMUL1149,8
PMUL1151,8
PMUL1153,7
PMUL1154,7
PMUL1155,8
PMUL1156,9
PMUL1157,8
PMUL1158,7
PMUL1160,3
PMUL1161,9
PMUL1162,9
PMUL1163,9
PMUL1164,7
PMUL1166,12
PMUL1167,8
PMUL1169,4
PMUL1170,6
PMUL1171,11
PMUL1174,8
PMUL1175,7
PMUL1176,6
PMUL1177,9
PMUL1178,6
PMUL1179,6
PMUL1185,6
PMUL1187,7
PMUL1188,7
PMUL1189,9
PMUL1190,4
PMUL1192,8
PMUL1195,6
PMUL1196,3
PMUL1197,3
PMUL1198,7
PMUL1199,7
PMUL1201,7
PMUL1202,7
PMUL1204,8
PMUL1205,8
PMUL1206,4
PMUL1207,5
PMUL1208,6
PMUL1209,8
PMUL1212,10
PMUL1213,6
PMUL1214,7
PMUL1216,8
PMUL1217,7
PMUL1218,7
PMUL1220,3
PMUL1221,7
PMUL1222,8
PMUL1223,8
PMUL1224,8
PMUL1225,9
PMUL1227,7
PMUL1228,4
PMUL1229,8
PMUL1230,7
PMUL1231,7
PMUL1234,8
PMUL1236,7
PMUL1237,6
PMUL1238,7
PMUL1239,6
PMUL1240,6
PMUL1243,5
PMUL1244,9
PMUL1245,9
PMUL1246,8
PMUL1248,8
PMUL1249,11
PMUL1250,7
PMUL1251,8
PMUL1252,7
PMUL1254,8
PMUL1255,5
PMUL1258,7
PMUL1260,6
PMUL1261,9
PMUL1262,8
PMUL1265,8
PMUL1268,7
PMUL1269,8
PMUL1270,7
PMUL1271,6
PMUL1275,3
PMUL1277,9
PMUL1278,7
PMUL1279,6
PMUL1280,4
PMUL1281,8
PMUL1285,6
PMUL1286,8
PMUL1287,6
PMUL1288,6
PMUL1292,5
PMUL1293,6
PMUL1294,7
PMUL1295,6
PMUL1296,11
PMUL1297,11
PMUL1298,7
PMUL1299,6
PMUL1300,6
PMUL1301,7
PMUL1302,6
PMUL1303,10
PMUL1304,7
PMUL1305,8
PMUL1306,8
PMUL1307,8
PMUL1312,9
PMUL1313,7
PMUL1314,8
PMUL1315,7
PMUL1317,6
PMUL1319,7
PMUL1321,6
PMUL1324,8
PMUL1331,8
PMUL1334,9
PMUL1336,11
PMUL1337,5
PMUL1338,6
PMUL1339,8
PMUL1341,9
PMUL1343,9
PMUL1348,3
PMUL1349,5
PMUL1350,6
PMUL1351,7
PMUL1354,8
PMUL1356,8
PMUL1357,7
PMUL1358,6
PMUL1361,9
PMUL1362,6
PMUL1363,8
PMUL1364,7
PMUL1365,3
PMUL1366,9
PMUL1367,10
PMUL1369,3
PMUL1371,9
PMUL1372,8
PMUL1375,9
PMUL1377,13
PMUL1378,9
PMUL1379,6
PMUL1380,4
PMUL1381,9
PMUL1382,6
PMUL1384,7
PMUL1386,7
PMUL1387,8
PMUL1388,7
PMUL1390,4
PMUL1391,7
PMUL1392,7
PMUL1394,6
PMUL1395,11
PMUL1396,7
PMUL1397,6
PMUL1398,9
PMUL1399,7
PMUL1401,5
PMUL1404,4
PMUL1405,9
PMUL1407,9
PMUL1411,9
PMUL1413,7
PMUL1414,5
PMUL1415,7
PMUL1416,9
PMUL1417,9
PMUL1418,7
PMUL1419,5
PMUL1421,10
PMUL1425,3
PMUL1426,8
PMUL1428,7
PMUL1431,8
PMUL1432,6
PMUL1433,6
PMUL1434,3
PMUL1436,8
PMUL1437,5
PMUL1440,8
PMUL1442,9
PMUL1443,10
PMUL1445,5
PMUL1446,9
PMUL1447,8
PMUL1448,10
PMUL1449,7
PMUL1450,8
PMUL1452,8
PMUL1454,8
PMUL1456,7
PMUL1458,7
PMUL1460,7
PMUL1461,8
PMUL1465,6
PMUL1466,8
PMUL1467,6
PMUL1468,8
PMUL1469,6
PMUL1471,8
PMUL1472,6
PMUL1474,5
PMUL1475,4
PMUL1478,7
PMUL1480,12
PMUL1481,5
PMUL1483,11
PMUL1485,9
PMUL1487,8
PMUL1489,8
PMUL1490,10
PMUL1491,8
PMUL1494,9
PMUL1495,6
PMUL1499,5
PMUL1501,9
PMUL1503,3
PMUL1504,8
PMUL1505,7
PMUL1507,6
PMUL1508,8
PMUL1509,8
PMUL1510,6
PMUL1512,8
PMUL1513,6
PMUL1514,3
PMUL1515,7
PMUL1519,4
PMUL1520,8
PMUL1522,4
PMUL1523,9
PMUL1524,7
PMUL1527,7
PMUL1529,8
PMUL1531,7
PMUL1532,11
PMUL1534,12
PMUL1535,8
PMUL1536,8
PMUL1538,8
PMUL1539,9
PMUL1540,4
PMUL1541,8
PMUL1542,4
PMUL1544,11
PMUL1545,9
PMUL1547,7
PMUL1549,10
PMUL1550,7
PMUL1551,4
PMUL1553,9
PMUL1554,6
PMUL1555,7
PMUL1556,9
PMUL1558,9
PMUL1560,4
PMUL1561,8
PMUL1562,8
PMUL1563,10
PMUL1564,13
PMUL1566,9
PMUL1567,8
PMUL1568,10
PMUL1569,9
PMUL1570,8
PMUL1571,8
PMUL1572,6
PMUL1573,11
PMUL1574,9
PMUL1576,8
PMUL1577,6
PMUL1578,7
PMUL1581,8
PMUL1582,9
PMUL1584,8
PMUL1585,3
PMUL1586,9
PMUL1587,6
PMUL1588,3
PMUL1589,3
PMUL1590,6
PMUL1595,10
PMUL1596,10
PMUL1597,10
PMUL1601,3
PMUL1602,4
PMUL1603,8
PMUL1604,10
PMUL1605,7
PMUL1606,9
PMUL1607,12
PMUL1608,8
PMUL1609,9
PMUL1610,9
PMUL1611,16
PMUL1616,6
PMUL1618,7
PMUL1619,12
PMUL1622,7
PMUL1625,11
PMUL1626,8
PMUL1627,7
PMUL1628,8
PMUL1630,6
PMUL1633,7
PMUL1634,9
PMUL1637,6
PMUL1638,10
PMUL1639,7
PMUL1640,8
PMUL1641,11
PMUL1642,7
PMUL1643,8
PMUL1645,3
PMUL1646,11
PMUL1647,9
PMUL1649,7
PMUL1651,12
PMUL1652,8
PMUL1655,9
PMUL1656,3
PMUL1658,5
PMUL1660,11
PMUL1662,7
PMUL1663,9
PMUL1664,5
PMUL1665,10
PMUL1666,6
PMUL1667,8
PMUL1668,7
PMUL1669,7
PMUL1670,8
PMUL1671,10
PMUL1674,8
PMUL1675,8
PMUL1676,3
PMUL1679,11
PMUL1680,7
PMUL1682,10
PMUL1685,5
PMUL1687,7
PMUL1688,6
PMUL1689,8
PMUL1690,11
PMUL1691,7
PMUL1693,11
PMUL1694,9
PMUL1695,12
PMUL1696,9
PMUL1697,5
PMUL1698,11
PMUL1699,11
PMUL1700,10
PMUL1701,4
PMUL1702,8
PMUL1703,10
PMUL1704,8
PMUL1705,8
PMUL1708,7
PMUL1709,8
PMUL1710,8
PMUL1713,6
PMUL1714,6
PMUL1715,3
PMUL1716,7
PMUL1717,15
PMUL1718,4
PMUL1719,9
PMUL1720,6
PMUL1723,7
PMUL1724,10
PMUL1725,4
PMUL1726,8
PMUL1728,8
PMUL1729,13
PMUL1730,9
PMUL1733,10
PMUL1734,8
PMUL1735,6
PMUL1736,4
PMUL1737,6
PMUL1738,9
PMUL1740,8
PMUL1741,9
PMUL1742,8
PMUL1743,8
PMUL1745,20
PMUL1746,7
PMUL1749,7
PMUL1750,8
PMUL1752,9
PMUL1753,5
PMUL1754,10
PMUL1756,9
PMUL1757,7
PMUL1758,11
PMUL1759,9
PMUL1760,7
PMUL1761,11
PMUL1764,4
PMUL1765,8
PMUL1766,8
PMUL1767,8
PMUL1769,7
PMUL1773,8
PMUL1776,6
PMUL1777,15
PMUL1778,4
PMUL1780,9
PMUL1782,8
PMUL1783,9
PMUL1785,8
PMUL1786,7
PMUL1787,9
PMUL1789,8
PMUL1790,7
PMUL1792,10
PMUL1793,7
PMUL1794,9
PMUL1796,6
PMUL1797,7
PMUL1798,8
PMUL1799,7
PMUL1800,5
PMUL1803,9
PMUL1805,6
PMUL1806,10
PMUL1807,9
PMUL1808,4
PMUL1810,3
PMUL1813,10
PMUL1814,8
PMUL1815,7
PMUL1818,7
PMUL1819,4
PMUL1820,9
PMUL1822,10
PMUL1823,7
PMUL1824,13
PMUL1825,6
PMUL1826,11
PMUL1827,8
PMUL1829,6
PMUL1830,8
PMUL1832,3
PMUL1833,9
PMUL1835,9
PMUL1837,7
PMUL1838,9
PMUL1840,9
PMUL1841,8
PMUL1842,12
PMUL1843,7
PMUL1845,8
PMUL1847,7
PMUL1848,8
PMUL1849,10
PMUL1850,6
PMUL1852,6
PMUL1855,9
PMUL1856,8
PMUL1857,3
PMUL1858,10
PMUL1859,12
PMUL1860,10
PMUL1861,8
PMUL1862,12
PMUL1863,7
PMUL1864,5
PMUL1865,7
PMUL1866,8
PMUL1868,4
PMUL1870,5
PMUL1871,9
PMUL1872,12
PMUL1873,12
PMUL1875,8
PMUL1876,10
PMUL1877,11
PMUL1880,6
PMUL1882,5
PMUL1884,10
PMUL1885,14
PMUL1886,12
PMUL1887,8
PMUL1888,7
PMUL1890,7
PMUL1893,8
PMUL1894,8
PMUL1896,9
PMUL1897,3
PMUL1898,9
PMUL1899,8
PMUL1900,10
PMUL1901,8
PMUL1903,9
PMUL1904,15
PMUL1906,12
PMUL1907,4
PMUL1908,6
PMUL1909,6
PMUL1911,9
PMUL1912,12
PMUL1913,8
PMUL1914,13
PMUL1915,11
PMUL1916,9
PMUL1919,8
PMUL1921,5
PMUL1922,7
PMUL1924,6
PMUL1925,7
PMUL1926,9
PMUL1927,8
PMUL1928,8
PMUL1930,3
PMUL1932,3
PMUL1933,11
PMUL1934,11
PMUL1935,8
PMUL1936,11
PMUL1937,8
PMUL1938,10
PMUL1940,4
PMUL1941,10
PMUL1942,7
PMUL1943,8
PMUL1945,12
PMUL1946,8
PMUL1948,9
PMUL1950,10
PMUL1954,8
PMUL1955,12
PMUL1959,10
PMUL1960,8
PMUL1961,8
PMUL1962,11
PMUL1963,8
PMUL1965,8
PMUL1967,9
PMUL1969,12
PMUL1970,9
PMUL1972,11
PMUL1973,9
PMUL1974,13
PMUL1976,7
PMUL1977,7
PMUL1979,8
PMUL1985,10
PMUL1986,8
PMUL1988,10
PMUL1989,9
PMUL1993,8
PMUL1994,10
PMUL1995,13
PMUL1996,7
PMUL1997,10
PMUL1999,9
PMUL2001,12
PMUL2002,6
PMUL2003,9
PMUL2004,8
PMUL2005,7
PMUL2007,7
PMUL2008,6
PMUL2010,8
PMUL2014,8
PMUL2020,7
PMUL2022,5
PMUL2024,6
PMUL2026,9
PMUL2027,10
PMUL2028,9
PMUL2029,10
PMUL2030,10
PMUL2031,3
PMUL2032,7
PMUL2033,7
PMUL2034,15
PMUL2035,9
PMUL2036,8
PMUL2037,10
PMUL2038,6
PMUL2039,7
PMUL2040,10
PMUL2042,9
PMUL2043,14
PMUL2044,10
PMUL2047,10
PMUL2048,4
PMUL2049,9
PMUL2050,9
PMUL2051,9
PMUL2055,10
PMUL2056,8
PMUL2057,6
PMUL2059,8
PMUL2060,8
PMUL2061,10
PMUL2062,8
PMUL2063,5
PMUL2064,9
PMUL2065,7
PMUL2066,12
PMUL2067,5
PMUL2068,13
PMUL2069,9
PMUL2071,8
PMUL2072,6
PMUL2073,7
PMUL2074,6
PMUL2078,6
PMUL2079,4
PMUL2082,6
PMUL2083,8
PMUL2084,9
PMUL2086,10
PMUL2087,12
PMUL2089,7
PMUL2090,7
PMUL2091,8
PMUL2092,8
PMUL2094,8
PMUL2096,3
PMUL2097,8
PMUL2098,7
PMUL2099,7
PMUL2100,7
PMUL2101,8
PMUL2102,9
PMUL2103,8
PMUL2104,11
PMUL2108,7
PMUL2110,9
PMUL2111,7
PMUL2112,10
PMUL2114,5
PMUL2115,7
PMUL2116,6
PMUL2117,8
PMUL2118,6
PMUL2120,7
PMUL2121,8
PMUL2122,10
PMUL2125,7
PMUL2126,12
PMUL2129,9
PMUL2130,15
PMUL2131,8
PMUL2132,7
PMUL2133,6
PMUL2134,6
PMUL2135,7
PMUL2136,8
PMUL2137,5
PMUL2138,12
PMUL2140,6
PMUL2141,6
PMUL2142,6
PMUL2143,10
PMUL2145,6
PMUL2147,7
PMUL2148,10
PMUL2149,9
PMUL2150,7
PMUL2151,3
PMUL2152,8
PMUL2155,9
PMUL2156,12
PMUL2157,7
PMUL2158,9
PMUL2159,7
PMUL2160,7
PMUL2161,4
PMUL2163,8
PMUL2164,9
PMUL2165,8
PMUL2167,7
PMUL2169,8
PMUL2170,8
PMUL2171,8
PMUL2172,7
PMUL2173,7
PMUL2175,21
PMUL2176,7
PMUL2180,6
PMUL2181,10
PMUL2182,7
PMUL2183,9
PMUL2184,9
PMUL2186,5
PMUL2187,11
PMUL2188,6
PMUL2189,12
PMUL2191,9
PMUL2192,6
PMUL2193,8
PMUL2196,7
PMUL2197,7
PMUL2200,7
PMUL2201,6
PMUL2202,8
PMUL2203,7
PMUL2206,5
PMUL2207,8
PMUL2208,9
PMUL2211,9
PMUL2213,6
PMUL2214,8
PMUL2216,6
PMUL2217,4
PMUL2218,11
PMUL2221,11
PMUL2222,6
PMUL2225,10
PMUL2226,8
PMUL2228,11
PMUL2229,8
PMUL2230,6
PMUL2231,7
PMUL2233,6
PMUL2238,8
PMUL2240,6
PMUL2241,11
PMUL2242,6
PMUL2243,9
PMUL2245,6
PMUL2246,9
PMUL2247,8
PMUL2249,3
PMUL2252,8
PMUL2253,7
PMUL2254,4
PMUL2256,12
PMUL2257,8
PMUL2258,5
PMUL2262,6
PMUL2263,11
PMUL2264,6
PMUL2265,10
PMUL2267,12
PMUL2268,12
PMUL2269,7
PMUL2270,7
PMUL2271,5
PMUL2273,6
PMUL2277,7
PMUL2278,6
PMUL2280,7
PMUL2281,9
PMUL2283,8
PMUL2284,7
PMUL2287,12
PMUL2288,5
PMUL2289,6
PMUL2290,5
PMUL2291,9
PMUL2292,3
PMUL2293,9
PMUL2294,9
PMUL2296,12
PMUL2297,7
PMUL2298,9
PMUL2299,6
PMUL2302,6
PMUL2303,7
PMUL2305,9
PMUL2309,8
PMUL2310,8
PMUL2312,11
PMUL2315,12
PMUL2316,7
PMUL2317,7
PMUL2318,7
PMUL2319,14
PMUL2321,8
PMUL2322,9
PMUL2323,7
PMUL2326,11
PMUL2327,9
PMUL2328,8
PMUL2329,6
PMUL2331,7
PMUL2332,4
PMUL2334,7
PMUL2335,5
PMUL2336,9
PMUL2337,8
PMUL2340,6
PMUL2341,9
PMUL2342,7
PMUL2343,10
PMUL2344,8
PMUL2345,4
PMUL2347,10
PMUL2349,8
PMUL2352,12
PMUL2353,3
PMUL2354,9
PMUL2355,8
PMUL2356,4
PMUL2357,8
PMUL2358,9
PMUL2359,8
PMUL2360,7
PMUL2361,9
PMUL2364,8
PMUL2365,8
PMUL2366,9
PMUL2367,6
PMUL2369,8
PMUL2370,10
PMUL2371,8
PMUL2372,9
PMUL2373,9
PMUL2374,6
PMUL2375,10
PMUL2376,10
PMUL2377,3
PMUL2378,9
PMUL2381,3
PMUL2387,7
PMUL2388,6
PMUL2390,7
PMUL2391,6
PMUL2392,8
PMUL2393,8
PMUL2395,7
PMUL2397,6
PMUL2398,7
PMUL2399,7
PMUL2400,7
PMUL2401,10
PMUL2402,10
PMUL2406,10
PMUL2407,9
PMUL2408,11
PMUL2411,8
PMUL2413,10
PMUL2414,9
PMUL2416,9
PMUL2417,10
PMUL2418,6
PMUL2420,9
PMUL2423,6
PMUL2425,8
PMUL2426,7
PMUL2429,11
PMUL2430,11
PMUL2431,8
PMUL2434,13
PMUL2438,9
PMUL2439,6
PMUL2440,9
PMUL2443,6
PMUL2444,9
PMUL2445,9
PMUL2446,11
PMUL2448,5
PMUL2449,8
PMUL2450,7
PMUL2451,10
PMUL2453,8
PMUL2454,7
PMUL2455,7
PMUL2456,9
PMUL2459,7
PMUL2460,7
PMUL2461,13
PMUL2463,8
PMUL2465,5
PMUL2466,8
PMUL2467,8
PMUL2468,8
PMUL2470,8
PMUL2471,7
PMUL2474,3
PMUL2475,10
PMUL2476,9
PMUL2479,7
PMUL2481,9
PMUL2482,9
PMUL2485,10
PMUL2486,8
PMUL2487,8
PMUL2488,11
PMUL2493,7
PMUL2495,8
PMUL2496,7
PMUL2498,7
PMUL2499,10
PMUL2500,6
PMUL2501,7
PMUL2502,11
PMUL2505,13
PMUL2507,8
PMUL2508,7
PMUL2509,5
PMUL2510,6
PMUL2511,8
PMUL2512,10
PMUL2514,7
PMUL2516,11
PMUL2517,9
PMUL2521,8
PMUL2522,7
PMUL2523,8
PMUL2524,5
PMUL2525,8
PMUL2526,10
PMUL2527,9
PMUL2528,4
PMUL2529,8
PMUL2530,6
PMUL2531,10
PMUL2533,7
PMUL2534,7
PMUL2535,9
PMUL2536,10
PMUL2537,9
PMUL2538,5
PMUL2539,6
PMUL2540,7
PMUL2542,9
PMUL2544,5
PMUL2545,5
PMUL2546,8
PMUL2547,8
PMUL2550,8
PMUL2551,7
PMUL2552,8
PMUL2553,4
PMUL2554,8
PMUL2555,12
PMUL2557,7
PMUL2559,13
PMUL2560,7
PMUL2561,9
PMUL2562,13
PMUL2564,8
PMUL2566,10
PMUL2567,8
PMUL2568,8
PMUL2569,5
PMUL2571,9
PMUL2572,16
PMUL2573,7
PMUL2577,8
PMUL2579,11
PMUL2580,6
PMUL2583,11
PMUL2584,7
PMUL2586,8
PMUL2587,16
PMUL2588,8
PMUL2589,9
PMUL2590,15
PMUL2591,6
PMUL2592,12
PMUL2593,11
PMUL2595,9
PMUL2596,13
PMUL2597,10
PMUL2598,7
PMUL2600,5
PMUL2602,10
PMUL2603,5
PMUL2605,7
PMUL2606,8
PMUL2608,7
PMUL2610,8
PMUL2611,6
PMUL2612,4
PMUL2613,9
PMUL2614,7
PMUL2615,7
PMUL2616,8
PMUL2619,7
PMUL2620,7
PMUL2621,8
PMUL2622,6
PMUL2624,10
PMUL2625,3
PMUL2626,8
PMUL2628,8
PMUL2629,7
PMUL2630,9
PMUL2631,6
PMUL2632,4
PMUL2633,6
PMUL2635,4
PMUL2637,7
PMUL2638,10
PMUL2639,9
PMUL2640,9
PMUL2641,11
PMUL2642,9
PMUL2643,11
PMUL2644,8
PMUL2645,9
PMUL2650,11
PMUL2651,7
PMUL2653,8
PMUL2655,6
PMUL2656,11
PMUL2657,8
PMUL2658,9
PMUL2659,14
PMUL2660,8
PMUL2662,11
PMUL2663,10
PMUL2664,8
PMUL2666,6
PMUL2668,9
PMUL2669,10
PMUL2671,4
PMUL2672,7
PMUL2673,6
PMUL2674,8
PMUL2676,11
PMUL2677,4
PMUL2678,11
PMUL2679,9
PMUL2680,8
PMUL2681,8
PMUL2682,7
PMUL2684,11
PMUL2685,9
PMUL2687,11
PMUL2688,10
PMUL2689,10
PMUL2690,5
PMUL2691,8
PMUL2692,9
PMUL2694,5
PMUL2695,7
PMUL2696,11
PMUL2697,9
PMUL2698,8
PMUL2699,10
PMUL2700,10
PMUL2702,9
PMUL2705,7
PMUL2706,7
PMUL2707,3
PMUL2709,8
PMUL2710,6
PMUL2712,9
PMUL2714,8
PMUL2715,9
PMUL2717,9
PMUL2720,6
PMUL2722,12
PMUL2723,14
PMUL2726,9
PMUL2727,8
PMUL2728,9
PMUL2730,9
PMUL2731,9
PMUL2732,7
PMUL2733,8
PMUL2734,7
PMUL2735,10
PMUL2736,13
PMUL2738,6
PMUL2739,11
PMUL2740,6
PMUL2741,8
PMUL2742,6
PMUL2743,6
PMUL2744,11
PMUL2745,5
PMUL2749,9
PMUL2750,9
PMUL2751,7
PMUL2752,9
PMUL2753,5
PMUL2759,9
PMUL2760,15
PMUL2761,6
PMUL2764,7
PMUL2765,11
PMUL2766,9
PMUL2767,7
PMUL2768,6
PMUL2770,8
PMUL2771,8
PMUL2772,7
PMUL2774,7
PMUL2775,9
PMUL2776,7
PMUL2777,7
PMUL2779,9
PMUL2782,6
PMUL2783,11
PMUL2787,8
PMUL2788,8
PMUL2789,9
PMUL2790,9
PMUL2791,11
PMUL2793,6
PMUL2794,6
PMUL2795,10
PMUL2797,11
PMUL2799,9
PMUL2800,9
PMUL2801,6
PMUL2802,5
PMUL2803,5
PMUL2805,9
PMUL2806,5
PMUL2808,11
PMUL2809,7
PMUL2810,7
PMUL2811,9
PMUL2814,10
PMUL2815,9
PMUL2816,7
PMUL2817,8
PMUL2818,6
PMUL2819,6
PMUL2820,10
PMUL2822,7
PMUL2823,7
PMUL2824,8
PMUL2825,5
PMUL2827,9
PMUL2828,14
PMUL2830,10
PMUL2831,7
PMUL2833,8
PMUL2834,13
PMUL2837,7
PMUL2838,9
PMUL2840,7
PMUL2842,7
PMUL2843,11
PMUL2845,12
PMUL2847,3
PMUL2850,6
PMUL2851,13
PMUL2853,9
PMUL2854,6
PMUL2855,10
PMUL2856,10
PMUL2857,7
PMUL2858,7
PMUL2860,11
PMUL2861,9
PMUL2862,6
PMUL2864,6
PMUL2865,7
PMUL2867,10
PMUL2868,10
PMUL2870,8
PMUL2871,8
PMUL2872,9
PMUL2873,8
PMUL2874,5
PMUL2875,12
PMUL2876,9
PMUL2877,12
PMUL2879,7
PMUL2883,7
PMUL2884,9
PMUL2885,8
PMUL2886,8
PMUL2888,8
PMUL2889,7
PMUL2890,14
PMUL2891,8
PMUL2892,10
PMUL2893,11
PMUL2895,6
PMUL2896,11
PMUL2899,7
PMUL2900,8
PMUL2901,6
PMUL2903,6
PMUL2904,6
PMUL2905,10
PMUL2907,6
PMUL2909,7
PMUL2911,9
PMUL2912,7
PMUL2913,6
PMUL2914,6
PMUL2916,8
PMUL2919,7
PMUL2920,8
PMUL2921,8
PMUL2922,5
PMUL2923,11
PMUL2924,10
PMUL2925,9
PMUL2926,8
PMUL2927,10
PMUL2928,12
PMUL2932,10
PMUL2934,11
PMUL2936,14
PMUL2937,8
PMUL2939,8
PMUL2940,9
PMUL2941,15
PMUL2943,4
PMUL2944,7
PMUL2946,8
PMUL2950,9
PMUL2951,8
PMUL2952,10
PMUL2954,9
PMUL2955,6
PMUL2956,6
PMUL2957,8
PMUL2959,11
PMUL2960,9
PMUL2963,7
PMUL2964,8
PMUL2965,8
PMUL2966,9
PMUL2967,5
PMUL2969,10
PMUL2974,9
PMUL2976,9
PMUL2977,7
PMUL2978,7
PMUL2979,8
PMUL2981,4
PMUL2982,5
PMUL2984,8
PMUL2987,10
PMUL2988,7
PMUL2989,7
PMUL2993,6
PMUL2994,14
PMUL2998,7
PMUL2999,9
PMUL3000,9
PMUL3001,6
PMUL3003,4
PMUL3004,6
PMUL3005,8
PMUL3006,6
PMUL3007,11
PMUL3008,12
PMUL3009,10
PMUL3010,7
PMUL3011,11
PMUL3013,8
PMUL3018,3
PMUL3019,6
PMUL3020,10
PMUL3021,6
PMUL3022,7
PMUL3024,9
PMUL3025,6
PMUL3026,9
PMUL3028,11
PMUL3029,6
PMUL3030,10
PMUL3031,6
PMUL3032,13
PMUL3033,7
PMUL3035,7
PMUL3036,5
PMUL3037,8
PMUL3038,9
PMUL3039,10
PMUL3041,4
PMUL3042,5
PMUL3043,8
PMUL3045,13
PMUL3046,7
PMUL3047,7
PMUL3051,8
PMUL3053,6
PMUL3054,6
PMUL3055,13
PMUL3056,4
PMUL3057,3
PMUL3058,5
PMUL3059,8
PMUL3060,8
PMUL3061,9
PMUL3063,11
PMUL3065,9
PMUL3067,5
PMUL3069,5
PMUL3070,5
PMUL3071,5
PMUL3075,8
PMUL3076,9
PMUL3077,12
PMUL3078,7
PMUL3079,7
PMUL3081,14
PMUL3082,6
PMUL3083,9
PMUL3084,9
PMUL3086,10
PMUL3087,6
PMUL3088,10
PMUL3089,5
PMUL3090,10
PMUL3092,7
PMUL3093,8
PMUL3095,7
PMUL3096,7
PMUL3097,10
PMUL3098,3
PMUL3099,7
PMUL3100,6
PMUL3101,10
PMUL3102,8
PMUL3103,17
PMUL3104,7
PMUL3108,10
PMUL3111,10
PMUL3112,8
PMUL3113,7
PMUL3114,10
PMUL3115,8
PMUL3116,6
PMUL3118,8
PMUL3119,7
PMUL3120,6
PMUL3121,8
PMUL3122,9
PMUL3124,11
PMUL3125,11
PMUL3128,13
PMUL3129,6
PMUL3130,8
PMUL3131,11
PMUL3132,5
PMUL3134,6
PMUL3135,8
PMUL3136,7
PMUL3137,8
PMUL3138,7
PMUL3139,11
PMUL3140,8
PMUL3142,3
PMUL3143,8
PMUL3144,9
PMUL3146,7
PMUL3147,11
PMUL3148,8
PMUL3149,8
PMUL3150,13
PMUL3151,4
PMUL3152,7
PMUL3153,7
PMUL3154,10
PMUL3155,9
PMUL3157,9
PMUL3159,8
PMUL3161,7
PMUL3163,6
PMUL3164,11
PMUL3167,10
PMUL3168,9
PMUL3170,10
PMUL3172,7
PMUL3173,9
PMUL3175,8
PMUL3176,11
PMUL3177,9
PMUL3178,3
PMUL3179,9
PMUL3180,7
PMUL3181,7
PMUL3182,7
PMUL3183,4
PMUL3184,7
PMUL3185,13
PMUL3188,8
PMUL3189,14
PMUL3190,13
PMUL3191,5
PMUL3192,7
PMUL3193,4
PMUL3194,8
PMUL3195,11
PMUL3196,9
PMUL3197,13
PMUL3198,8
PMUL3199,8
PMUL3201,7
PMUL3202,5
PMUL3203,5
PMUL3204,9
PMUL3205,4
PMUL3206,5
PMUL3207,10
PMUL3208,8
PMUL3209,9
PMUL3210,10
PMUL3211,8
PMUL3212,8
PMUL3214,7
PMUL3216,13
PMUL3219,9
PMUL3220,11
PMUL3221,3
PMUL3223,11
PMUL3225,10
PMUL3226,9
PMUL3227,8
PMUL3228,7
PMUL3229,10
PMUL3230,5
PMUL3231,12
PMUL3232,10
PMUL3234,6
PMUL3235,9
PMUL3237,8
PMUL3238,9
PMUL3240,7
PMUL3241,7
PMUL3242,4
PMUL3243,6
PMUL3245,6
PMUL3246,7
PMUL3248,10
PMUL3249,7
PMUL3250,8
PMUL3251,10
PMUL3253,9
PMUL3254,4
PMUL3255,7
PMUL3256,10
PMUL3258,7
PMUL3259,4
PMUL3260,10
PMUL3261,7
PMUL3265,8
PMUL3266,8
PMUL3267,6
PMUL3268,8
PMUL3269,5
PMUL3270,9
PMUL3271,3
PMUL3272,11
PMUL3273,9
PMUL3274,7
PMUL3276,8
PMUL3277,5
PMUL3280,8
PMUL3281,7
PMUL3284,8
PMUL3287,10
PMUL3288,9
PMUL3289,10
PMUL3290,9
PMUL3291,10
PMUL3292,11
PMUL3295,11
PMUL3296,6
PMUL3297,7
PMUL3298,7
PMUL3299,12
PMUL3300,7
PMUL3302,10
PMUL3303,3
PMUL3305,7
PMUL3306,10
PMUL3307,6
PMUL3308,6
PMUL3311,7
PMUL3312,10
PMUL3313,4
PMUL3315,7
PMUL3316,10
PMUL3317,7
PMUL3318,9
PMUL3319,11
PMUL3321,9
PMUL3322,10
PMUL3323,6
PMUL3325,8
PMUL3326,11
PMUL3327,6
PMUL3329,6
PMUL3330,3
PMUL3331,9
PMUL3334,3
PMUL3337,8
PMUL3338,9
PMUL3339,7
PMUL3340,10
PMUL3341,7
PMUL3342,3
PMUL3343,3
PMUL3345,7
PMUL3346,7
PMUL3347,11
PMUL3349,7
PMUL3350,6
PMUL3351,7
PMUL3353,5
PMUL3354,9
PMUL3355,7
PMUL3356,8
PMUL3357,7
PMUL3358,10
PMUL3359,10
PMUL3360,9
PMUL3361,8
PMUL3365,7
PMUL3366,9
PMUL3367,10
PMUL3368,5
PMUL3369,5
PMUL3370,11
PMUL3371,8
PMUL3372,7
PMUL3373,8
PMUL3374,9
PMUL3375,3
PMUL3377,7
PMUL3380,8
PMUL3381,7
PMUL3382,9
PMUL3383,7
PMUL3385,3
PMUL3386,8
PMUL3387,6
PMUL3389,8
PMUL3390,6
PMUL3391,7
PMUL3393,4
PMUL3394,13
PMUL3395,7
PMUL3398,7
PMUL3399,9
PMUL3400,9
PMUL3402,10
PMUL3404,10
PMUL3407,5
PMUL3409,9
PMUL3411,9
PMUL3412,9
PMUL3413,3
PMUL3414,6
PMUL3416,10
PMUL3419,5
PMUL3420,6
PMUL3421,11
PMUL3427,6
PMUL3429,9
PMUL3430,8
PMUL3431,8
PMUL3432,8
PMUL3433,7
PMUL3435,12
PMUL3436,6
PMUL3438,11
PMUL3440,6
PMUL3441,8
PMUL3442,7
PMUL3443,7
PMUL3444,10
PMUL3445,8
PMUL3446,3
PMUL3447,8
PMUL3449,11
PMUL3450,12
PMUL3451,10
PMUL3452,4
PMUL3454,8
PMUL3455,7
PMUL3457,9
PMUL3458,7
PMUL3459,3
PMUL3460,9
PMUL3461,6
PMUL3462,8
PMUL3463,4
PMUL3467,5
PMUL3468,6
PMUL3469,7
PMUL3471,7
PMUL3472,7
PMUL3473,10
PMUL3474,9
PMUL3475,10
PMUL3476,5
PMUL3477,4
PMUL3478,7
PMUL3480,5
PMUL3481,8
PMUL3482,7
PMUL3483,7
PMUL3484,10
PMUL3486,6
PMUL3487,9
PMUL3488,4
PMUL3489,5
PMUL3490,11
PMUL3491,7
PMUL3492,8
PMUL3493,6
PMUL3496,9
PMUL3499,9
PMUL3500,9
PMUL3501,6
PMUL3502,6
PMUL3503,8
PMUL3504,8
PMUL3505,7
PMUL3507,10
PMUL3508,7
PMUL3509,10
PMUL3510,6
PMUL3511,9
PMUL3512,8
PMUL3513,14
PMUL3515,10
PMUL3517,12
PMUL3519,7
PMUL3522,7
PMUL3524,8
PMUL3526,11
PMUL3527,8
PMUL3528,3
PMUL3529,11
PMUL3531,10
PMUL3533,6
PMUL3534,7
PMUL3535,7
PMUL3536,10
PMUL3538,7
PMUL3539,10
PMUL3540,4
PMUL3542,8
PMUL3543,5
PMUL3545,9
PMUL3547,7
PMUL3548,8
PMUL3550,4
PMUL3552,13
PMUL3555,8
PMUL3556,6
PMUL3559,7
PMUL3560,11
PMUL3561,9
PMUL3562,6
PMUL3563,9
PMUL3565,4
PMUL3566,11
PMUL3568,6
PMUL3569,3
PMUL3570,11
PMUL3571,7
PMUL3572,8
PMUL3573,7
PMUL3577,6
PMUL3578,9
PMUL3579,8
PMUL3581,5
PMUL3582,8
PMUL3583,5
PMUL3584,10
PMUL3585,4
PMUL3586,8
PMUL3587,10
PMUL3589,14
PMUL3590,7
PMUL3592,10
PMUL3593,3
PMUL3594,4
PMUL3595,8
PMUL3597,6
PMUL3601,7
PMUL3604,7
PMUL3605,9
PMUL3606,7
PMUL3608,5
PMUL3609,6
PMUL3610,6
PMUL3611,10
PMUL3612,8
PMUL3613,5
PMUL3615,9
PMUL3616,8
PMUL3617,12
PMUL3618,8
PMUL3619,8
PMUL3620,6
PMUL3621,6
PMUL3622,10
PMUL3623,12
PMUL3624,3
PMUL3626,5
PMUL3627,14
PMUL3628,8
PMUL3629,6
PMUL3631,3
PMUL3633,11
PMUL3635,8
PMUL3636,10
PMUL3638,8
PMUL3640,4
PMUL3642,7
PMUL3643,8
PMUL3646,7
PMUL3650,7
PMUL3651,8
PMUL3652,7
PMUL3653,12
PMUL3654,8
PMUL3655,8
PMUL3656,7
PMUL3657,9
PMUL3658,5
PMUL3659,6
PMUL3660,9
PMUL3661,6
PMUL3664,7
PMUL3666,7
PMUL3667,9
PMUL3670,6
PMUL3671,9
PMUL3673,9
PMUL3674,11
PMUL3675,7
PMUL3676,10
PMUL3677,3
PMUL3678,10
PMUL3679,9
PMUL3681,8
PMUL3682,5
PMUL3686,6
PMUL3687,6
PMUL3689,8
PMUL3690,6
PMUL3691,8
PMUL3692,5
PMUL3693,8
PMUL3694,9
PMUL3696,13
PMUL3697,11
PMUL3698,6
PMUL3699,5
PMUL3700,3
PMUL3701,3
PMUL3703,6
PMUL3704,10
PMUL3705,8
PMUL3706,8
PMUL3709,7
PMUL3710,7
PMUL3711,8
PMUL3712,7
PMUL3713,8
PMUL3714,7
PMUL3715,6
PMUL3716,6
PMUL3718,3
PMUL3719,11
PMUL3720,4
PMUL3721,5
PMUL3722,7
PMUL3724,5
PMUL3725,10
PMUL3727,10
PMUL3730,6
PMUL3732,7
PMUL3736,10
PMUL3738,8
PMUL3739,8
PMUL3741,4
PMUL3743,3
PMUL3745,4
PMUL3746,6
PMUL3747,9
PMUL3749,9
PMUL3750,5
PMUL3751,7
PMUL3752,8
PMUL3753,12
PMUL3754,10
PMUL3757,9
PMUL3758,5
PMUL3760,9
PMUL3761,7
PMUL3762,8
PMUL3763,7
PMUL3764,8
PMUL3765,10
PMUL3767,7
PMUL3768,4
PMUL3769,6
PMUL3770,7
PMUL3771,5
PMUL3773,5
PMUL3774,11
PMUL3775,8
PMUL3777,9
PMUL3780,7
PMUL3781,6
PMUL3782,5
PMUL3783,13
PMUL3784,5
PMUL3787,5
PMUL3788,7
PMUL3789,9
PMUL3790,8
PMUL3791,4
PMUL3792,8
PMUL3793,5
PMUL3794,8
PMUL3795,4
PMUL3796,6
PMUL3799,8
PMUL3801,10
PMUL3804,8
PMUL3807,9
PMUL3808,7
PMUL3809,8
PMUL3810,7
PMUL3811,4
PMUL3812,14
PMUL3813,8
PMUL3814,10
PMUL3816,7
PMUL3818,8
PMUL3822,5
PMUL3823,12
PMUL3824,8
PMUL3825,6
PMUL3827,5
PMUL3828,10
PMUL3829,7
PMUL3830,8
PMUL3831,8
PMUL3832,10
PMUL3833,6
PMUL3836,8
PMUL3837,9
PMUL3838,7
PMUL3839,9
PMUL3841,11
PMUL3842,8
PMUL3843,15
PMUL3845,12
PMUL3846,8
PMUL3847,7
PMUL3848,4
PMUL3849,8
PMUL3851,8
PMUL3853,15
PMUL3854,7
PMUL3856,13
PMUL3857,9
PMUL3860,9
PMUL3861,11
PMUL3863,14
PMUL3864,9
PMUL3865,6
PMUL3866,7
PMUL3867,13
PMUL3869,8
PMUL3870,8
PMUL3871,7
PMUL3872,6
PMUL3873,8
PMUL3874,12
PMUL3876,6
PMUL3877,4
PMUL3878,9
PMUL3879,9
PMUL3881,6
PMUL3882,9
PMUL3885,12
PMUL3887,9
PMUL3889,7
PMUL3892,8
PMUL3894,7
PMUL3895,8
PMUL3896,8
PMUL3898,11
PMUL3900,9
PMUL3901,11
PMUL3902,6
PMUL3903,7
PMUL3904,9
PMUL3905,6
PMUL3906,12
PMUL3908,10
PMUL3912,8
PMUL3914,8
PMUL3915,3
PMUL3916,3
PMUL3917,4
PMUL3922,7
PMUL3924,3
PMUL3927,6
PMUL3932,7
PMUL3934,7
PMUL3936,8
PMUL3937,9
PMUL3938,12
PMUL3939,11
PMUL3941,10
PMUL3942,9
PMUL3943,7
PMUL3944,8
PMUL3945,11
PMUL3947,11
PMUL3948,7
PMUL3949,6
PMUL3950,6
PMUL3951,9
PMUL3952,9
PMUL3953,8
PMUL3954,9
PMUL3955,6
PMUL3958,9
PMUL3959,6
PMUL3960,10
PMUL3961,5
PMUL3962,5
PMUL3963,4
PMUL3964,7
PMUL3965,6
PMUL3967,6
PMUL3968,7
PMUL3969,5
PMUL3970,12
PMUL3972,5
PMUL3973,4
PMUL3975,6
PMUL3978,4
PMUL3980,8
PMUL3982,5
PMUL3984,9
PMUL3986,5
PMUL3987,6
PMUL3988,7
PMUL3989,13
PMUL3990,6
PMUL3991,5
PMUL3993,9
PMUL3994,9
PMUL3995,9
PMUL3996,7
PMUL3997,17
PMUL3998,9
PMUL4000,12
PMUL4003,9
PMUL4004,6
PMUL4006,8
PMUL4008,11
PMUL4009,6
PMUL4010,9
PMUL4013,9
PMUL4014,4
PMUL4015,6
PMUL4016,10
PMUL4017,5
PMUL4018,8
PMUL4019,10
PMUL4020,7
PMUL4021,12
PMUL4023,8
PMUL4024,9
PMUL4027,5
PMUL4028,7
PMUL4030,10
PMUL4031,16
PMUL4035,7
PMUL4036,7
PMUL4037,6
PMUL4038,8
PMUL4039,8
PMUL4040,11
PMUL4041,10
PMUL4042,6
PMUL4043,9
PMUL4045,8
PMUL4047,8
PMUL4051,8
PMUL4052,9
PMUL4056,6
PMUL4057,9
PMUL4058,9
PMUL4062,12
PMUL4063,6
PMUL4064,6
PMUL4065,6
PMUL4066,4
PMUL4068,8
PMUL4069,8
PMUL4070,9
PMUL4071,8
PMUL4072,3
PMUL4074,6
PMUL4079,6
PMUL4080,6
PMUL4081,7
PMUL4085,10
PMUL4086,4
PMUL4087,8
PMUL4088,10
PMUL4089,14
PMUL4090,3
PMUL4092,9
PMUL4093,7
PMUL4094,8
PMUL4095,9
PMUL4096,9
PMUL4097,9
PMUL4098,11
PMUL4099,7
PMUL4100,11
PMUL4101,7
PMUL4102,9
PMUL4103,10
PMUL4104,6
PMUL4105,10
PMUL4108,5
PMUL4110,6
PMUL4111,8
PMUL4112,10
PMUL4113,7
PMUL4114,12
PMUL4115,8
PMUL4116,10
PMUL4117,6
PMUL4118,7
PMUL4119,5
PMUL4121,7
PMUL4123,7
PMUL4127,9
PMUL4128,8
PMUL4130,11
PMUL4133,5
PMUL4135,9
PMUL4136,12
PMUL4138,10
PMUL4139,8
PMUL4141,9
PMUL4144,10
PMUL4145,6
PMUL4146,9
PMUL4147,7
PMUL4148,8
PMUL4149,8
PMUL4150,8
PMUL4151,2
PMUL4153,9
PMUL4154,11
PMUL4156,7
PMUL4157,9
PMUL4158,8
PMUL4159,4
PMUL4160,4
PMUL4161,12
PMUL4162,6
PMUL4163,10
PMUL4164,8
PMUL4166,7
PMUL4167,4
PMUL4168,8
PMUL4169,9
PMUL4171,13
PMUL4172,5
PMUL4173,10
PMUL4174,8
PMUL4175,8
PMUL4177,8
PMUL4178,15
PMUL4179,8
PMUL4180,7
PMUL4181,8
PMUL4182,7
PMUL4183,5
PMUL4184,14
PMUL4185,9
PMUL4187,12
PMUL4188,6
PMUL4189,9
PMUL4190,4
PMUL4191,9
PMUL4193,7
PMUL4197,7
PMUL4200,7
PMUL4201,5
PMUL4202,9
PMUL4203,12
PMUL4204,7
PMUL4207,7
PMUL4208,5
PMUL4210,4
PMUL4212,4
PMUL4213,8
PMUL4214,7
PMUL4215,4
PMUL4216,7
PMUL4217,10
PMUL4218,7
PMUL4221,6
PMUL4222,11
PMUL4223,9
PMUL4225,10
PMUL4226,8
PMUL4227,8
PMUL4228,4
PMUL4230,11
PMUL4232,5
PMUL4233,12
PMUL4236,8
PMUL4237,7
PMUL4238,4
PMUL4240,8
PMUL4241,7
PMUL4242,7
PMUL4243,10
PMUL4245,9
PMUL4248,12
PMUL4249,6
PMUL4250,7
PMUL4251,9
PMUL4252,6
PMUL4253,7
PMUL4254,16
PMUL4256,7
PMUL4257,7
PMUL4260,8
PMUL4261,4
PMUL4263,4
PMUL4265,5
PMUL4266,10
PMUL4267,7
PMUL4268,6
PMUL4270,11
PMUL4271,9
PMUL4272,12
PMUL4273,11
PMUL4274,7
PMUL4275,5
PMUL4278,8
PMUL4279,4
PMUL4280,9
PMUL4282,8
PMUL4283,6
PMUL4286,9
PMUL4288,10
PMUL4292,8
PMUL4293,6
PMUL4295,11
PMUL4296,6
PMUL4297,9
PMUL4298,7
PMUL4300,8
PMUL4301,5
PMUL4304,8
PMUL4305,6
PMUL4307,10
PMUL4308,5
PMUL4309,4
PMUL4310,11
PMUL4311,11
PMUL4312,9
PMUL4313,8
PMUL4319,6
PMUL4320,8
PMUL4321,9
PMUL4322,5
PMUL4323,8
PMUL4324,11
PMUL4327,6
PMUL4329,10
PMUL4330,8
PMUL4331,6
PMUL4334,8
PMUL4335,4
PMUL4336,2
PMUL4338,5
PMUL4340,7
PMUL4341,4
PMUL4342,4
PMUL4345,11
PMUL4347,7
PMUL4349,7
PMUL4350,5
PMUL4352,3
PMUL4353,8
PMUL4355,7
PMUL4358,10
PMUL4361,9
PMUL4364,6
PMUL4365,12
PMUL4367,11
PMUL4369,5
PMUL4370,7
PMUL4371,7
PMUL4372,8
PMUL4373,7
PMUL4375,13
PMUL4376,12
PMUL4377,8
PMUL4378,4
PMUL4379,9
PMUL4380,8
PMUL4381,9
PMUL4382,7
PMUL4384,11
PMUL4385,9
PMUL4387,14
PMUL4389,4
PMUL4390,5
PMUL4391,12
PMUL4392,10
PMUL4393,5
PMUL4394,7
PMUL4395,14
PMUL4396,9
PMUL4397,7
PMUL4398,6
PMUL4401,10
PMUL4402,9
PMUL4403,10
PMUL4404,9
PMUL4405,7
PMUL4406,7
PMUL4407,8
PMUL4408,9
PMUL4409,8
PMUL4410,6
PMUL4411,6
PMUL4412,8
PMUL4413,7
PMUL4415,8
PMUL4417,8
PMUL4418,10
PMUL4419,2
PMUL4420,6
PMUL4421,4
PMUL4422,12
PMUL4423,10
PMUL4425,7
PMUL4427,6
PMUL4428,8
PMUL4430,4
PMUL4433,7
PMUL4434,5
PMUL4435,8
PMUL4437,8
PMUL4441,6
PMUL4442,8
PMUL4443,7
PMUL4444,8
PMUL4448,14
PMUL4450,7
PMUL4452,12
PMUL4453,7
PMUL4454,7
PMUL4455,6
PMUL4456,4
PMUL4457,10
PMUL4458,6
PMUL4459,9
PMUL4460,7
PMUL4461,7
PMUL4463,6
PMUL4464,6
PMUL4468,5
PMUL4469,7
PMUL4470,5
PMUL4472,7
PMUL4474,6
PMUL4475,9
PMUL4476,5
PMUL4477,4
PMUL4478,6
PMUL4479,8
PMUL4480,10
PMUL4481,7
PMUL4483,14
PMUL4487,8
PMUL4489,5
PMUL4490,7
PMUL4493,8
PMUL4494,3
PMUL4496,9
PMUL4497,8
PMUL4498,4
PMUL4499,16
PMUL4500,12
PMUL4501,8
PMUL4502,8
PMUL4506,8
PMUL4507,12
PMUL4508,5
PMUL4509,4
PMUL4510,13
PMUL4511,8
PMUL4512,8
PMUL4513,9
PMUL4514,7
PMUL4516,8
PMUL4517,7
PMUL4518,7
PMUL4519,6
PMUL4520,11
PMUL4523,4
PMUL4525,12
PMUL4527,5
PMUL4528,7
PMUL4529,5
PMUL4530,6
PMUL4531,8
PMUL4532,8
PMUL4533,6
PMUL4535,6
PMUL4536,5
PMUL4537,11
PMUL4538,7
PMUL4539,8
PMUL4540,10
PMUL4541,10
PMUL4543,8
PMUL4544,5
PMUL4545,10
PMUL4546,7
PMUL4548,11
PMUL4549,9
PMUL4550,7
PMUL4552,6
PMUL4553,8
PMUL4556,8
PMUL4558,7
PMUL4559,10
PMUL4560,9
PMUL4561,8
PMUL4563,13
PMUL4565,5
PMUL4566,6
PMUL4568,7
PMUL4570,8
PMUL4571,4
PMUL4572,7
PMUL4573,8
PMUL4574,8
PMUL4575,8
PMUL4576,11
PMUL4577,7
PMUL4578,7
PMUL4579,10
PMUL4580,9
PMUL4582,8
PMUL4584,11
PMUL4585,6
PMUL4586,9
PMUL4587,8
PMUL4589,6
PMUL4590,6
PMUL4591,13
PMUL4593,6
PMUL4594,5
PMUL4595,3
PMUL4596,3
PMUL4597,7
PMUL4598,11
PMUL4599,6
PMUL4600,11
PMUL4601,5
PMUL4602,3
PMUL4604,9
PMUL4606,7
PMUL4607,10
PMUL4608,10
PMUL4609,8
PMUL4611,9
PMUL4613,6
PMUL4615,9
PMUL4617,12
PMUL4618,7
PMUL4621,12
PMUL4624,8
PMUL4625,7
PMUL4629,7
PMUL4630,9
PMUL4631,7
PMUL4632,12
PMUL4633,5
PMUL4635,12
PMUL4637,11
PMUL4638,7
PMUL4639,10
PMUL4640,3
PMUL4642,12
PMUL4645,9
PMUL4646,10
PMUL4647,7
PMUL4649,7
PMUL4650,7
PMUL4651,7
PMUL4652,12
PMUL4653,7
PMUL4654,3
PMUL4655,11
PMUL4656,7
PMUL4657,8
PMUL4658,6
PMUL4661,9
PMUL4662,8
PMUL4663,6
PMUL4664,7
PMUL4665,9
PMUL4666,7
PMUL4667,8
PMUL4668,7
PMUL4669,7
PMUL4670,7
PMUL4671,7
PMUL4674,8
PMUL4675,7
PMUL4677,5
PMUL4678,7
PMUL4679,8
PMUL4681,6
PMUL4682,7
PMUL4684,9
PMUL4685,7
PMUL4689,5
PMUL4690,10
PMUL4692,9
PMUL4694,8
PMUL4695,5
PMUL4696,3
PMUL4697,9
PMUL4698,6
PMUL4699,7
PMUL4700,7
PMUL4701,11
PMUL4703,8
PMUL4704,7
PMUL4705,9
PMUL4706,6
PMUL4708,7
PMUL4709,8
PMUL4712,10
PMUL4714,8
PMUL4715,10
PMUL4717,9
PMUL4718,9
PMUL4721,9
PMUL4722,7
PMUL4723,11
PMUL4724,10
PMUL4725,8
PMUL4726,8
PMUL4727,10
PMUL4728,11
PMUL4730,7
PMUL4732,7
PMUL4733,6
PMUL4734,13
PMUL4735,7
PMUL4736,6
PMUL4737,6
PMUL4739,7
PMUL4740,6
PMUL4741,8
PMUL4743,8
PMUL4745,7
PMUL4746,6
PMUL4747,8
PMUL4749,8
PMUL4750,9
PMUL4751,8
PMUL4752,7
PMUL4755,7
PMUL4758,8
PMUL4759,5
PMUL4760,8
PMUL4761,7
PMUL4763,3
PMUL4764,10
PMUL4765,8
PMUL4766,10
PMUL4767,6
PMUL4768,7
PMUL4769,3
PMUL4770,7
PMUL4771,7
PMUL4772,13
PMUL4773,6
PMUL4774,7
PMUL4775,9
PMUL4776,4
PMUL4777,8
PMUL4779,8
PMUL4781,7
PMUL4782,7
PMUL4783,6
PMUL4784,5
PMUL4785,8
PMUL4786,7
PMUL4787,11
PMUL4788,3
PMUL4789,7
PMUL4790,9
PMUL4792,7
PMUL4794,6
PMUL4795,8
PMUL4796,11
PMUL4797,9
PMUL4798,8
PMUL4799,5
PMUL4801,7
PMUL4802,5
PMUL4803,6
PMUL4804,6
PMUL4805,4
PMUL4807,6
PMUL4808,7
PMUL4810,5
PMUL4811,8
PMUL4812,6
PMUL4815,8
PMUL4816,13
PMUL4817,6
PMUL4818,9
PMUL4821,10
PMUL4822,8
PMUL4824,6
PMUL4825,7
PMUL4827,7
PMUL4829,7
PMUL4830,8
PMUL4831,9
PMUL4834,8
PMUL4835,7
PMUL4837,10
PMUL4838,7
PMUL4841,6
PMUL4843,8
PMUL4844,5
PMUL4845,9
PMUL4847,5
PMUL4848,10
PMUL4849,6
PMUL4851,9
PMUL4852,12
PMUL4854,7
PMUL4855,7
PMUL4856,8
PMUL4857,10
PMUL4858,8
PMUL4859,12
PMUL4860,11
PMUL4861,10
PMUL4862,8
PMUL4863,6
PMUL4865,7
PMUL4866,11
PMUL4867,3
PMUL4868,8
PMUL4869,10
PMUL4871,6
PMUL4872,5
PMUL4874,14
PMUL4876,8
PMUL4878,10
PMUL4879,10
PMUL4882,7
PMUL4883,7
PMUL4885,14
PMUL4886,6
PMUL4887,5
PMUL4888,8
PMUL4889,3
PMUL4890,5
PMUL4891,7
PMUL4892,4
PMUL4893,8
PMUL4895,6
PMUL4896,7
PMUL4899,11
PMUL4900,8
PMUL4901,6
PMUL4904,5
PMUL4906,14
PMUL4907,7
PMUL4908,10
PMUL4910,6
PMUL4912,7
PMUL4914,7
PMUL4915,8
PMUL4917,10
PMUL4918,7
PMUL4920,6
PMUL4921,10
PMUL4922,9
PMUL4924,7
PMUL4925,11
PMUL4926,13
PMUL4927,9
PMUL4929,5
PMUL4931,11
PMUL4932,7
PMUL4934,7
PMUL4935,13
PMUL4936,4
PMUL4937,6
PMUL4938,8
PMUL4940,7
PMUL4942,8
PMUL4943,7
PMUL4944,6
PMUL4945,6
PMUL4947,9
PMUL4948,11
PMUL4950,6
PMUL4951,12
PMUL4952,7
PMUL4953,9
PMUL4954,7
PMUL4956,8
PMUL4957,11
PMUL4959,7
PMUL4960,5
PMUL4961,8
PMUL4962,8
PMUL4965,8
PMUL4966,7
PMUL4967,4
PMUL4968,11
PMUL4969,4
PMUL4970,4
PMUL4971,4
PMUL4973,4
PMUL4974,8
PMUL4975,6
PMUL4977,8
PMUL4979,7
PMUL4980,10
PMUL4981,10
PMUL4983,11
PMUL4985,12
PMUL4986,6
PMUL4987,10
PMUL4988,8
PMUL4989,6
PMUL4990,7
PMUL4991,9
PMUL4992,11
PMUL4994,6
PMUL4995,11
PMUL4996,11
PMUL4997,12
SNG0001,3
SNG0002,3
SNG0003,3
SNG0009,4
SNG0010,3
SNG0011,3
SNG0012,5
SNG0013,4
SNG0014,6
SNG0015,4
SNG0020,4
SNG0021,3
SNG0022,3
SNG0023,3
SNG0024,4
SNG0025,4
SNG0026,3
SNG0027,4
SNG0028,3
SNG0029,3
SNG0031,4
SNG0032,6
SNG0033,3
SNG0034,5
SNG0035,3
SNG0036,5
SNG0037,3
SNG0039,4
SNG0040,3
SNG0042,2
SNG0043,3
SNG0044,4
SNG0045,3
SNG0046,3
SNG0047,5
SNG0048,4
SNG0050,5
SNG0051,4
SNG0052,3
SNG0053,3
SNG0054,3
SNG0056,4
SNG0057,3
SNG0059,3
SNG0062,3
SNG0063,3
SNG0064,4
SNG0065,3
SNG0066,4
SNG0067,5
SNG0070,4
SNG0071,5
SNG0072,4
SNG0074,4
SNG0075,3
SNG0076,4
SNG0077,4
SNG0079,3
SNG0082,4
SNG0083,3
SNG0086,5
SNG0087,3
SNG0088,4
SNG0089,3
SNG0091,4
SNG0092,3
SNG0093,3
SNG0094,4
SNG0096,3
SNG0097,3
SNG0100,4
SNG01152,2
SNG01154,4
SNG01160,6
SNG01161,4
SNG01162,2
SNG01170,5
SNG01173,4
SNG01176,8
SNG01179,5
SNG01180,4
SNG01181,3
SNG01182,3
SNG01185,10
SNG01188,5
SNG01189,4
SNG01190,3
SNG01193,3
SNG01198,5
SNG01199,3
SNG01203,6
SNG01204,3
SNG01208,6
SNG01209,4
SNG01210,4
SNG01219,6
SNG01221,3
SNG01222,9
SNG01233,6
SNG01238,2
SNG01243,8
SNG01248,4
SNG01250,5
SNG01252,8
SNG01255,4
SNG01256,3
SNG01258,5
SNG01261,7
SNG01266,2
SNG01268,7
SNG01271,5
SNG01275,7
SNG01277,9
SNG01279,2
SNG01283,6
SNG01287,3
SNG01292,4
SNG01293,5
SNG01294,3
SNG01296,5
SNG01298,4
SNG01304,6
SNG01305,3
SNG01310,4
SNG01312,5
SNG01325,4
SNG01326,4
SNG01327,4
SNG01335,5
SNG01336,6
SNG01337,4
SNG01338,4
SNG01339,6
SNG01340,6
SNG01343,2
SNG01352,6
SNG01356,3
SNG01360,5
SNG01364,3
SNG01373,6
SNG01375,4
SNG01377,7
SNG01381,4
SNG01382,3
SNG01384,3
SNG01385,4
SNG01387,4
SNG01392,3
SNG01397,5
SNG01401,3
SNG01405,3
SNG01406,4
SNG01407,7
SNG01414,6
SNG01420,8
SNG01423,5
SNG01424,3
SNG01425,4
SNG01427,5
SNG01428,5
SNG01430,4
SNG01431,2
SNG01436,6
SNG01438,5
SNG01439,3
SNG01440,3
SNG01442,5
SNG01444,5
SNG01450,5
SNG01451,6
SNG01454,7
SNG01456,4
SNG01457,4
SNG01458,7
SNG01460,3
SNG01464,3
SNG01466,3
SNG01471,2
SNG01475,5
SNG01476,5
SNG01477,6
SNG01478,3
SNG01480,3
SNG01483,5
SNG01487,4
SNG01488,5
SNG01489,4
SNG01493,5
SNG01500,3
SNG01505,6
SNG01507,2
SNG01510,5
SNG01512,7
SNG01513,8
SNG01514,2
SNG01515,3
SNG01518,5
SNG01519,3
SNG01520,4
SNG01521,2
SNG01524,3
SNG01526,5
SNG01529,4
SNG01531,3
SNG01535,7
SNG01537,7
SNG01540,4
SNG01545,6
SNG01554,3
SNG01555,8
SNG01562,3
SNG01564,5
SNG01565,4
SNG01572,4
SNG01573,5
SNG01574,3
SNG01575,3
SNG01576,6
SNG01578,2
SNG01581,5
SNG01587,5
SNG01588,4
SNG01592,4
SNG01600,5
SNG01602,4
SNG01605,5
SNG01610,5
SNG01611,5
SNG01616,6
SNG01618,4
SNG01619,4
SNG01622,5
SNG01624,4
SNG01631,4
SNG01633,7
SNG01638,2
SNG01642,6
SNG01644,4
SNG01646,5
SNG01648,3
SNG01649,5
SNG01651,3
SNG01652,4
SNG01656,5
SNG01657,4
SNG01658,4
SNG01660,6
SNG01661,6
SNG01665,3
SNG01666,3
SNG01668,4
SNG01669,6
SNG01671,4
SNG01672,3
SNG01674,6
SNG01676,4
SNG01677,5
SNG01681,5
SNG01685,7
SNG01687,5
SNG01690,5
SNG01697,4
SNG01701,6
SNG01708,3
SNG01709,4
SNG01711,3
SNG01712,4
SNG01713,5
SNG01715,4
SNG01717,5
SNG01720,5
SNG01722,5
SNG01723,5
SNG01724,5
SNG01725,4
SNG01727,5
SNG01728,6
SNG01734,5
SNG01736,4
SNG01743,2
SNG01744,6
SNG01753,5
SNG01762,7
SNG01763,4
SNG01768,6
SNG01769,6
SNG01771,6
SNG01773,3
SNG01774,3
SNG01776,6
SNG01779,4
SNG01780,4
SNG01782,4
SNG01790,5
SNG01794,7
SNG01806,4
SNG01815,5
SNG01817,6
SNG01821,5
SNG01822,7
SNG01823,5
SNG01824,4
SNG01825,4
SNG01827,6
SNG01829,6
SNG01832,9
SNG01841,6
SNG01842,5
SNG01843,4
SNG01847,7
SNG01849,6
SNG01852,6
SNG01856,5
SNG01857,4
SNG01861,4
SNG01863,5
SNG01867,6
SNG01868,4
SNG01869,4
SNG01870,6
SNG01872,5
SNG01876,4
SNG01879,4
SNG01880,3
SNG01882,2
SNG01883,5
SNG01885,3
SNG01887,3
SNG01888,3
SNG01890,9
SNG01896,3
SNG01897,3
SNG01901,4
SNG01902,4
SNG01908,4
SNG01909,4
SNG01914,4
SNG01915,5
SNG01917,5
SNG01920,5
SNG01922,4
SNG01925,6
SNG01927,5
SNG01929,5
SNG01933,4
SNG01938,3
SNG01939,4
SNG01945,4
SNG01946,4
SNG01947,3
SNG01949,4
SNG01959,8
SNG01961,3
SNG01966,6
SNG01967,4
SNG01971,3
SNG01975,6
SNG01977,2
SNG01981,5
SNG01985,4
SNG01988,7
SNG01995,7
SNG01997,3
SNG02000,3
SNG02002,3
SNG02007,5
SNG02009,6
SNG02010,2
SNG02013,6
SNG02014,4
SNG02015,5
SNG02017,4
SNG02020,4
SNG02026,6
SNG02027,6
SNG02031,5
SNG02042,9
SNG02046,6
SNG02047,9
SNG02048,5
SNG02049,10
SNG02051,5
SNG02053,8
SNG02059,4
SNG02062,4
SNG02063,5
SNG02067,4
SNG02069,5
SNG02070,5
SNG02082,3
SNG02084,2
SNG02085,6
SNG02090,3
SNG02092,5
SNG02095,4
SNG02097,5
SNG02098,6
SNG02101,5
SNG02103,4
SNG02106,6
SNG02107,4
SNG02112,5
SNG02114,5
SNG02118,4
SNG02120,2
SNG02122,3
SNG02123,6
SNG02127,5
SNG02130,12
SNG02131,4
SNG02132,4
SNG02134,4
SNG02136,7
SNG02137,4
SNG02139,2
SNG02141,4
SNG02147,2
SNG02148,3
SNG02150,5
SNG02152,4
SNG02158,5
SNG02160,2
SNG02167,4
SNG02171,2
SNG02173,7
SNG02179,5
SNG02181,5
SNG02183,4
SNG02185,7
SNG02186,5
SNG02195,2
SNG02199,4
SNG02201,5
SNG02204,3
SNG02206,5
SNG02210,4
SNG02217,3
SNG02218,3
SNG02223,6
SNG02224,6
SNG02229,4
SNG02232,4
SNG02237,4
SNG02239,5
SNG02242,4
SNG02243,7
SNG02248,3
SNG02250,3
SNG02251,8
SNG02256,4
SNG02257,5
SNG02258,5
SNG02259,2
SNG02265,8
SNG02266,5
SNG02273,3
SNG02277,6
SNG02281,4
SNG02283,5
SNG02288,4
SNG02289,3
SNG02290,5
SNG02297,6
SNG02298,5
SNG02301,4
SNG02304,4
SNG02307,5
SNG02308,5
SNG02313,5
SNG02316,6
SNG02317,4
SNG02320,6
SNG02321,7
SNG02322,3
SNG02323,3
SNG02324,5
SNG02331,5
SNG02336,3
SNG02338,5
SNG02339,4
SNG02348,5
SNG02350,3
SNG0251,7
SNG0252,4
SNG0254,4
SNG0255,4
SNG0257,4
SNG0258,7
SNG0259,5
SNG0260,6
SNG0261,4
SNG0262,5
SNG0264,6
SNG0265,6
SNG0266,6
SNG0267,7
SNG0268,4
SNG0269,6
SNG0270,5
SNG0272,8
SNG0273,9
SNG0275,4
SNG0276,3
SNG0278,5
SNG0279,6
SNG0281,7
SNG0282,5
SNG0285,8
SNG0286,5
SNG0287,8
SNG0288,4
SNG0290,4
SNG0291,4
SNG0292,7
SNG0294,5
SNG0295,6
SNG0297,4
SNG0298,4
SNG0300,5
SNG0301,4
SNG0302,4
SNG0303,6
SNG0304,4
SNG0306,7
SNG0307,5
SNG0309,4
SNG0310,5
SNG0311,5
SNG0312,5
SNG0313,5
SNG0315,6
SNG0316,5
SNG0318,5
SNG0319,6
SNG0320,5
SNG0321,5
SNG0324,5
SNG0325,4
SNG0326,4
SNG0328,6
SNG0330,4
SNG0332,8
SNG0333,5
SNG0334,7
SNG0335,4
SNG0336,5
SNG0337,7
SNG0339,5
SNG0341,6
SNG0342,6
SNG0343,4
SNG0346,5
SNG0347,6
SNG0349,4
SNG0350,7
SNG0351,6
SNG0352,4
SNG0353,7
SNG0355,4
SNG0356,5
SNG0357,5
SNG0358,4
SNG0359,4
SNG0361,6
SNG0362,5
SNG0363,5
SNG0364,6
SNG0365,5
SNG0366,4
SNG0367,4
SNG0370,6
SNG0371,5
SNG0372,5
SNG0373,4
SNG0375,5
SNG0376,5
SNG0377,4
SNG0378,5
SNG0379,4
SNG0380,6
SNG0382,4
SNG0383,6
SNG0385,5
SNG0387,4
SNG0388,5
SNG0389,9
SNG0392,7
SNG0393,5
SNG0394,6
SNG0395,5
SNG0396,7
SNG0397,4
SNG0398,5
SNG0399,5
SNG0400,4
SNG0401,6
SNG0402,4
SNG0403,5
SNG0404,5
SNG0405,5
SNG0407,6
SNG0408,5
SNG0409,7
SNG0410,4
SNG0411,8
SNG0413,4
SNG0415,4
SNG0417,4
SNG0418,5
SNG0419,4
SNG0420,6
SNG0421,5
SNG0424,5
SNG0425,4
SNG0426,6
SNG0427,5
SNG0428,5
SNG0430,4
SNG0431,5
SNG0432,5
SNG0434,4
SNG0435,4
SNG0436,7
SNG0438,4
SNG0439,4
SNG0440,6
SNG0441,5
SNG0443,5
SNG0444,8
SNG0445,4
SNG0449,4
SNG0450,4
SNG0452,5
SNG0453,3
SNG0454,5
SNG0458,4
SNG0460,5
SNG0461,5
SNG0462,3
SNG0464,7
SNG0465,4
SNG0467,5
SNG0469,3
SNG0470,4
SNG0472,4
SNG0473,5
SNG0474,6
SNG0476,5
SNG0478,4
SNG0479,5
SNG0480,5
SNG0481,5
SNG0484,6
SNG0485,6
SNG0486,4
SNG0487,7
SNG0488,4
SNG0489,7
SNG0491,3
SNG0492,6
SNG0493,4
SNG0496,5
SNG0498,4
SNG0499,4
SNG0502,4
SNG0503,6
SNG0504,4
SNG0505,7
SNG0506,4
SNG0507,5
SNG0508,5
SNG0509,3
SNG0510,3
SNG0511,4
SNG0512,4
SNG0513,7
SNG0514,5
SNG0516,8
SNG0517,5
SNG0520,4
SNG0522,5
SNG0523,4
SNG0524,4
SNG0525,3
SNG0526,4
SNG0530,7
SNG0532,5
SNG0533,6
SNG0534,3
SNG0536,5
SNG0537,3
SNG0538,2
SNG0540,4
SNG0541,5
SNG0543,4
SNG0544,3
SNG0545,4
SNG0546,6
SNG0548,4
SNG0549,3
SNG0552,5
SNG0553,6
SNG0555,3
SNG0556,6
SNG0557,6
SNG0558,3
SNG0559,5
SNG0560,5
SNG0561,5
SNG0562,3
SNG0563,4
SNG0564,4
SNG0569,5
SNG0570,4
SNG0573,5
SNG0574,6
SNG0575,4
SNG0576,3
SNG0577,5
SNG0578,4
SNG0579,5
SNG0581,6
SNG0582,4
SNG0583,4
SNG0584,4
SNG0585,6
SNG0587,6
SNG0591,4
SNG0592,5
SNG0593,4
SNG0594,7
SNG0595,6
SNG0596,5
SNG0598,4
SNG0599,4
SNG0602,6
SNG0604,5
SNG0605,10
SNG0606,5
SNG0607,5
SNG0608,4
SNG0612,5
SNG0614,6
SNG0615,3
SNG0618,5
SNG0619,4
SNG0620,7
SNG0621,4
SNG0622,4
SNG0623,7
SNG0624,4
SNG0625,3
SNG0626,5
SNG0627,6
SNG0628,5
SNG0629,4
SNG0630,4
SNG0631,4
SNG0632,3
SNG0634,3
SNG0635,5
SNG0637,5
SNG0638,6
SNG0639,5
SNG0640,3
SNG0641,5
SNG0642,6
SNG0643,6
SNG0645,4
SNG0646,8
SNG0647,4
SNG0648,2
SNG0652,3
SNG0653,5
SNG0654,4
SNG0655,3
SNG0656,5
SNG0657,4
SNG0658,6
SNG0662,4
SNG0663,4
SNG0664,3
SNG0666,5
SNG0667,3
SNG0669,3
SNG0671,6
SNG0672,4
SNG0673,3
SNG0674,4
SNG0675,4
SNG0676,4
SNG0677,5
SNG0679,4
SNG0680,5
SNG0682,6
SNG0683,5
SNG0685,6
SNG0686,4
SNG0687,6
SNG0688,5
SNG0693,3
SNG0695,5
SNG0696,5
SNG0699,4
SNG0702,3
SNG0704,4
SNG0705,5
SNG0706,5
SNG0707,4
SNG0708,5
SNG0709,5
SNG0710,4
SNG0712,4
SNG0713,4
SNG0716,6
SNG0717,5
SNG0718,5
SNG0719,4
SNG0720,4
SNG0723,5
SNG0724,4
SNG0725,5
SNG0726,3
SNG0727,4
SNG0728,5
SNG0729,5
SNG0731,3
SNG0732,7
SNG0734,7
SNG0737,4
SNG0738,4
SNG0739,6
SNG0740,4
SNG0741,4
SNG0743,4
SNG0744,5
SNG0745,4
SNG0746,3
SNG0747,4
SNG0748,4
SNG0749,6
SNG0750,4
SNG0753,7
SNG0754,4
SNG0756,7
SNG0757,7
SNG0758,4
SNG0760,6
SNG0761,6
SNG0762,4
SNG0763,6
SNG0764,6
SNG0765,6
SNG0766,5
SNG0773,6
SNG0774,4
SNG0776,7
SNG0777,4
SNG0778,6
SNG0780,5
SNG0784,5
SNG0785,4
SNG0786,4
SNG0787,5
SNG0788,4
SNG0789,4
SNG0790,5
SNG0791,4
SNG0793,4
SNG0794,3
SNG0795,4
SNG0796,8
SNG0798,4
SNG0800,3
SNG0801,6
SNG0802,5
SNG0806,7
SNG0808,5
SNG0809,5
SNG0810,3
SNG0811,3
SNG0812,6
SNG0813,5
SNG0814,3
SNG0815,12
SNG0816,4
SNG0817,7
SNG0818,6
SNG0819,4
SNG0820,4
SNG0821,4
SNG0823,4
SNG0824,4
SNG0825,6
SNG0826,4
SNG0827,5
SNG0828,3
SNG0831,5
SNG0833,6
SNG0834,6
SNG0836,3
SNG0837,4
SNG0838,6
SNG0839,3
SNG0841,4
SNG0842,8
SNG0844,7
SNG0847,5
SNG0848,6
SNG0849,7
SNG0850,6
SNG0851,8
SNG0852,5
SNG0853,4
SNG0854,6
SNG0857,4
SNG0858,5
SNG0859,6
SNG0860,5
SNG0861,5
SNG0863,5
SNG0864,5
SNG0865,6
SNG0868,4
SNG0869,5
SNG0870,5
SNG0871,9
SNG0872,5
SNG0873,4
SNG0875,4
SNG0876,6
SNG0877,5
SNG0878,6
SNG0879,5
SNG0880,6
SNG0881,5
SNG0882,6
SNG0884,7
SNG0885,5
SNG0886,4
SNG0887,7
SNG0890,4
SNG0894,5
SNG0895,4
SNG0901,6
SNG0902,5
SNG0903,3
SNG0904,6
SNG0905,9
SNG0906,5
SNG0909,5
SNG0911,6
SNG0912,8
SNG0914,5
SNG0915,3
SNG0916,5
SNG0917,5
SNG0918,3
SNG0919,5
SNG0920,4
SNG0923,4
SNG0924,5
SNG0925,5
SNG0926,6
SNG0928,6
SNG0929,6
SNG0930,4
SNG0931,6
SNG0932,10
SNG0935,6
SNG0936,5
SNG0938,3
SNG0943,8
SNG0944,7
SNG0945,5
SNG0946,7
SNG0947,5
SNG0948,3
SNG0950,3
SNG0951,5
SNG0952,5
SNG0953,6
SNG0955,5
SNG0956,8
SNG0957,3
SNG0958,6
SNG0959,6
SNG0960,4
SNG0961,3
SNG0963,5
SNG0965,4
SNG0966,4
SNG0967,5
SNG0969,4
SNG0970,5
SNG0971,3
SNG0972,5
SNG0973,3
SNG0974,6
SNG0975,5
SNG0976,5
SNG0977,6
SNG0978,6
SNG0980,7
SNG0981,5
SNG0982,8
SNG0984,7
SNG0985,4
SNG0986,5
SNG0987,5
SNG0988,4
SNG0989,4
SNG0990,3
SNG0992,5
SNG0995,7
SNG0997,6
SNG0998,6
SNG0999,5
SNG1000,5
SNG1001,8
SNG1003,4
SNG1005,8
SNG1006,5
SNG1008,3
SNG1009,5
SNG1010,6
SNG1013,6
SNG1014,5
SNG1015,4
SNG1020,6
SNG1021,4
SNG1022,6
SNG1024,6
SNG1025,6
SNG1027,7
SNG1028,4
SNG1029,6
SNG1030,3
SNG1031,5
SNG1032,4
SNG1033,3
SNG1034,6
SNG1037,7
SNG1038,3
SNG1039,5
SNG1040,7
SNG1044,3
SNG1045,4
SNG1051,4
SNG1052,4
SNG1053,7
SNG1054,3
SNG1056,3
SNG1057,3
SNG1058,4
SNG1059,4
SNG1060,4
SNG1061,3
SNG1062,5
SNG1063,3
SNG1064,3
SNG1065,4
SNG1067,4
SNG1068,4
SNG1072,3
SNG1073,2
SNG1074,5
SNG1077,5
SNG1079,3
SNG1080,4
SNG1081,3
SNG1082,5
SNG1083,5
SNG1084,5
SNG1087,5
SNG1088,3
SNG1089,3
SNG1092,3
SNG1093,4
SNG1094,3
SNG1095,3
SNG1096,4
SNG1097,3
SNG1098,3
SNG1099,4
SNG1100,4
SNG1101,5
SNG1102,3
SNG1103,5
SNG1104,5
SNG1107,4
SNG1108,5
SNG1109,4
SNG1110,3
SNG1111,3
SNG1112,4
SNG1113,5
SNG1114,4
SNG1115,5
SNG1116,4
SNG1117,3
SNG1118,4
SNG1120,4
SNG1123,4
SNG1124,5
SNG1127,4
SNG1128,4
SNG1129,4
SNG1130,7
SNG1131,3
SNG1132,4
SNG1133,3
SNG1134,3
SNG1135,3
SNG1136,3
SNG1137,5
SNG1138,4
SNG1139,4
SNG1140,4
SNG1141,4
SNG1144,4
SNG1145,4
SNG1146,4
SNG1148,2
SNG1149,3
SNG1151,3
SNG1152,2
SNG1153,3
SNG1154,4
SNG1155,1
SNG1156,3
SNG1157,6
SNG1158,5
SNG1159,3
SNG1160,5
SNG1161,3
SNG1162,3
SNG1163,4
SNG1164,3
SNG1165,6
SNG1166,4
SNG1167,5
SNG1168,5
SNG1169,6
SNG1170,5
SNG1171,5
SNG1172,5
SNG1173,3
SNG1174,4
SNG1175,2
SNG1176,5
SNG1177,3
SNG1178,4
SNG1179,4
SNG1180,4
SNG1181,3
SNG1182,4
SNG1183,2
SNG1184,2
SNG1185,5
SNG1186,7
SNG1187,4
SNG1188,5
SNG1189,3
SNG1190,4
SNG1191,2
SNG1192,4
SNG1193,4
SNG1194,4
SNG1195,3
SNG1196,3
SNG1197,3
SNG1198,4
SNG1199,3
SNG1200,5
SNG1201,4
SNG1202,2
SNG1203,4
SNG1204,6
SNG1205,4
SNG1206,3
SNG1207,3
SNG1208,4
SNG1209,6
SNG1210,4
SNG1211,5
SNG1212,5
SNG1213,7
SNG1214,3
SNG1215,4
SNG1216,5
SNG1217,5
SNG1218,3
SNG1219,11
SNG1220,4
SNG1221,5
SNG1222,3
SNG1223,5
SNG1224,5
SNG1225,5
SNG1226,5
SNG1227,5
SNG1228,4
SNG1229,3
SNG1230,7
SNG1231,9
SNG1232,5
SNG1233,3
SNG1234,5
SNG1235,5
SNG1236,4
SNG1237,4
SNG1238,3
SNG1239,4
SNG1240,3
SNG1241,3
SNG1242,4
SNG1243,5
SNG1244,4
SNG1245,4
SNG1246,3
SNG1247,6
SNG1248,3
SNG1249,5
SNG1250,5
SNG1251,3
SNG1252,4
SNG1253,5
SNG1254,7
SNG1255,4
SNG1256,3
SNG1257,4
SNG1258,7
SNG1259,2
SNG1260,3
SNG1261,4
SNG1262,3
SNG1263,2
SNG1264,4
SNG1265,3
SNG1266,5
SNG1267,4
SNG1268,4
SNG1269,6
SNG1270,3
SNG1271,3
SNG1272,3
SNG1273,3
SNG1274,3
SNG1275,5
SNG1276,4
SNG1277,5
SNG1278,8
SNG1279,3
SNG1280,4
SNG1281,4
SNG1282,3
SNG1283,4
SNG1284,3
SNG1285,5
SNG1286,5
SNG1287,4
SNG1288,5
SNG1289,5
SNG1290,5
SNG1291,4
SNG1292,2
SNG1293,6
SNG1294,5
SNG1295,3
SNG1296,5
SNG1297,3
SNG1298,3
SNG1299,1
SNG1300,4
SNG1301,3
SNG1302,4
SNG1303,4
SNG1304,5
SNG1305,2
SNG1306,3
SNG1307,5
SNG1308,3
SNG1309,4
SNG1310,5
SNG1311,4
SNG1312,7
SNG1313,6
SNG1314,3
SNG1315,4
SNG1316,6
SNG1317,4
SNG1318,6
SNG1319,4
SNG1320,3
SNG1321,3
SNG1322,2
SNG1323,6
SNG1324,3
SNG1325,3
SNG1326,3
SNG1327,2
SNG1328,3
SNG1329,4
SNG1330,5
SNG1331,6
SNG1332,4
SNG1333,3
SNG1334,5
SNG1335,3
SNG1336,3
SNG1337,4
SNG1338,4
SNG1339,6
SNG1340,4
SNG1341,4
SNG1342,6
SNG1343,4
SNG1344,3
SNG1345,5
SNG1346,5
SNG1347,4
SNG1348,5
SNG1349,4
SNG1350,3
SNG1351,4
SNG1352,2
SNG1353,4
SNG1354,5
SNG1355,3
SNG1356,5
SNG1357,5
SNG1358,3
SNG1359,4
SNG1360,6
SNG1361,6
SNG1362,5
SNG1363,4
SNG1364,3
SNG1365,2
SNG1366,4
SNG1367,3
SNG1368,4
SNG1369,4
SNG1370,3
SNG1371,6
SNG1372,7
SNG1373,3
SNG1374,3
SNG1375,4
SNG1376,5
SNG1377,3
SNG1378,5
SNG1379,4
SNG1380,3
SNG1381,4
SNG1382,4
SNG1383,2
SNG1384,3
SNG1385,4
SNG1386,2
SNG1387,3
SNG1388,5
SNG1389,5
SNG1390,4
SNG1391,4
SNG1392,5
SNG1393,4
SNG1394,2
SNG1395,4
SNG1396,4
SNG1397,6
SNG1398,2
SNG1399,4
SNG1400,6
SSNG0001,7
SSNG0002,4
SSNG0003,3
SSNG0004,6
SSNG0005,6
SSNG0006,3
SSNG0007,4
SSNG0008,6
SSNG0009,5
SSNG0010,4
SSNG0011,7
SSNG0012,6
SSNG0013,6
SSNG0014,3
SSNG0015,7
SSNG0016,5
SSNG0017,5
SSNG0018,6
SSNG0019,6
SSNG0020,6
SSNG0021,6
SSNG0022,7
SSNG0023,7
SSNG0024,6
SSNG0025,7
SSNG0026,5
SSNG0027,7
SSNG0028,5
SSNG0029,5
SSNG0030,4
SSNG0031,7
SSNG0032,6
SSNG0033,6
SSNG0034,8
SSNG0035,7
SSNG0036,3
SSNG0037,6
SSNG0038,9
SSNG0039,4
SSNG0040,6
SSNG0041,6
SSNG0042,5
SSNG0043,3
SSNG0044,7
SSNG0045,6
SSNG0046,3
SSNG0047,5
SSNG0048,4
SSNG0049,7
SSNG0050,4
SSNG0051,5
SSNG0052,3
SSNG0053,3
SSNG0054,7
SSNG0055,6
SSNG0056,5
SSNG0057,5
SSNG0058,4
SSNG0059,6
SSNG0060,7
SSNG0061,5
SSNG0062,4
SSNG0063,5
SSNG0064,2
SSNG0065,6
SSNG0066,7
SSNG0067,7
SSNG0068,6
SSNG0069,5
SSNG0070,4
SSNG0071,4
SSNG0072,5
SSNG0073,2
SSNG0074,4
SSNG0075,6
SSNG0076,5
SSNG0077,5
SSNG0078,2
SSNG0079,4
SSNG0080,7
SSNG0081,4
SSNG0082,9
SSNG0083,4
SSNG0084,7
SSNG0085,3
SSNG0086,7
SSNG0087,5
SSNG0088,4
SSNG0089,3
SSNG0090,4
SSNG0091,6
SSNG0092,5
SSNG0093,6
SSNG0094,4
SSNG0095,6
SSNG0096,8
SSNG0097,7
SSNG0098,6
SSNG0099,6
SSNG0100,7
SSNG0101,4
SSNG0102,6
SSNG0103,5
SSNG0104,3
SSNG0105,5
SSNG0106,4
SSNG0107,5
SSNG0108,6
SSNG0109,6
SSNG0110,6
SSNG0111,5
SSNG0112,4
SSNG0113,5
SSNG0114,5
SSNG0115,9
SSNG0116,5
SSNG0117,4
SSNG0118,4
SSNG0119,4
SSNG0120,3
SSNG0121,5
SSNG0122,7
SSNG0123,2
SSNG0124,4
SSNG0125,5
SSNG0126,7
SSNG0127,4
SSNG0128,5
SSNG0129,4
SSNG0130,3
SSNG0131,4
SSNG0132,4
SSNG0133,5
SSNG0134,6
SSNG0136,4
SSNG0138,6
SSNG0139,7
SSNG0140,5
SSNG0141,4
SSNG0142,6
SSNG0143,4
SSNG0144,5
SSNG0145,6
SSNG0146,5
SSNG0149,7
SSNG0150,5
SSNG0151,5
SSNG0152,6
SSNG0153,5
SSNG0154,6
SSNG0155,4
SSNG0156,4
SSNG0158,3
SSNG0159,5
SSNG0160,6
SSNG0161,4
SSNG0162,7
SSNG0163,6
SSNG0164,7
SSNG0165,5
SSNG0166,5
SSNG0167,5
SSNG0168,7
SSNG0169,2
SSNG0170,6
SSNG0171,2
SSNG0172,3
SSNG0173,3
SSNG0174,6
SSNG0175,7
SSNG0176,6
SSNG0177,6
SSNG0178,4
SSNG0179,4
SSNG0180,2
SSNG0181,6
SSNG0182,4
SSNG0183,7
SSNG0184,11
SSNG0185,4
SSNG0186,4
SSNG0187,5
SSNG0188,4
SSNG0189,3
SSNG0190,5
SSNG0191,4
SSNG0192,5
SSNG0195,5
SSNG0196,7
SSNG0197,4
SSNG0198,5
SSNG0199,5
SSNG0200,5
SSNG0201,8
SSNG0202,5
SSNG0203,10
SSNG0204,6
SSNG0205,4
SSNG0206,7
SSNG0207,6
SSNG0208,5
SSNG0209,8
SSNG0210,7
SSNG0211,11
SSNG0212,7
SSNG0213,4
SSNG0214,6
SSNG0215,7
SSNG0216,5
SSNG0217,4
SSNG0218,7
SSNG0219,5
SSNG0220,4
SSNG0221,3
SSNG0222,6
SSNG0223,5
SSNG0225,8
SSNG0226,6
SSNG0227,3
SSNG0228,6
SSNG0229,7
SSNG0230,7
SSNG0231,7
SSNG0232,8
SSNG0233,6
SSNG0234,6
SSNG0235,7
SSNG0236,7
SSNG0237,5
SSNG0238,4
SSNG0239,3
SSNG0240,8
SSNG0241,6
SSNG0242,6
SSNG0243,6
SSNG0244,5
SSNG0245,3
SSNG0246,4
SSNG0247,6
SSNG0248,5
SSNG0249,4
SSNG0250,5
SSNG0251,4
SSNG0252,7
SSNG0253,6
SSNG0254,2
SSNG0255,5
SSNG0256,7
SSNG0257,8
SSNG0258,4
SSNG0259,10
SSNG0260,8
SSNG0261,9
SSNG0262,7
SSNG0263,5
SSNG0264,4
SSNG0265,4
SSNG0266,4
SSNG0267,5
SSNG0268,6
SSNG0269,7
SSNG0270,5
SSNG0271,3
SSNG0272,6
SSNG0273,7
SSNG0274,4
SSNG0275,5
SSNG0276,8
SSNG0277,2
SSNG0278,8
SSNG0279,8
SSNG0280,6
SSNG0281,5
SSNG0282,8
SSNG0283,8
SSNG0284,7
SSNG0285,2
SSNG0286,9
SSNG0287,7
SSNG0288,3
SSNG0289,8
SSNG0290,2
SSNG0291,7
SSNG0292,8
SSNG0293,6
SSNG0294,4
SSNG0295,5
SSNG0296,2
SSNG0297,7
SSNG0298,6
SSNG0299,9
SSNG0300,9
SSNG0301,6
SSNG0302,6
SSNG0303,6
SSNG0304,5
SSNG0305,8
SSNG0306,5
SSNG0307,9
SSNG0309,8
SSNG0310,5
SSNG0311,4
SSNG0312,5
SSNG0313,7
SSNG0314,6
SSNG0315,7
SSNG0316,5
SSNG0317,6
SSNG0318,5
SSNG0319,6
SSNG0320,7
SSNG0321,2
SSNG0322,2
SSNG0323,5
SSNG0324,4
SSNG0325,5
SSNG0326,7
SSNG0327,9
SSNG0328,3
SSNG0329,6
SSNG0330,6
SSNG0331,7
SSNG0332,6
SSNG0333,7
SSNG0334,6
SSNG0335,5
SSNG0336,4
SSNG0337,8
SSNG0338,4
SSNG0339,7
SSNG0340,5
SSNG0341,3
SSNG0342,3
SSNG0343,5
SSNG0344,7
SSNG0345,5
SSNG0346,6
SSNG0347,4
SSNG0348,5
SSNG0349,7
SSNG0350,5
SSNG0351,3
SSNG0352,4
SSNG0353,10
SSNG0354,6
SSNG0355,5
SSNG0356,3
SSNG0357,9
SSNG0358,7
SSNG0359,8
SSNG0360,5
SSNG0361,6
SSNG0362,8
SSNG0363,7
SSNG0364,7
SSNG0365,9
SSNG0366,6
SSNG0367,6
SSNG0368,7
SSNG0369,5
SSNG0370,8
SSNG0371,6
SSNG0372,8
SSNG0373,5
SSNG0374,4
SSNG0375,6
SSNG0376,6
SSNG0377,8
SSNG0378,5
SSNG0379,8
SSNG0380,6
SSNG0381,5
SSNG0382,5
SSNG0383,7
SSNG0384,6
SSNG0385,6
SSNG0386,5
SSNG0387,8
SSNG0388,9
SSNG0389,4
SSNG0390,5
SSNG0391,3
SSNG0392,5
SSNG0393,7
SSNG0394,4
SSNG0395,6
SSNG0396,8
SSNG0397,8
WOZ20000,5
WOZ20001,5
WOZ20002,4
WOZ20003,4
WOZ20004,4
WOZ20005,4
WOZ20006,4
WOZ20007,4
WOZ20008,4
WOZ20009,3
WOZ20010,6
WOZ20011,5
WOZ20012,5
WOZ20013,4
WOZ20014,4
WOZ20015,4
WOZ20016,4
WOZ20017,4
WOZ20018,3
WOZ20019,7
WOZ20020,4
WOZ20021,6
WOZ20022,7
WOZ20023,4
WOZ20024,2
WOZ20025,3
WOZ20026,4
WOZ20027,4
WOZ20028,6
WOZ20029,3
WOZ20030,3
WOZ20031,2
WOZ20032,4
WOZ20033,4
WOZ20034,4
WOZ20035,4
WOZ20036,3
WOZ20037,3
WOZ20038,4
WOZ20039,3
WOZ20040,4
WOZ20041,3
WOZ20042,4
WOZ20043,4
WOZ20044,4
WOZ20045,4
WOZ20046,5
WOZ20047,6
WOZ20048,4
WOZ20049,3
WOZ20050,5
WOZ20051,4
WOZ20052,5
WOZ20053,3
WOZ20054,4
WOZ20055,4
WOZ20056,3
WOZ20057,3
WOZ20058,2
WOZ20059,6
WOZ20060,5
WOZ20061,2
WOZ20062,5
WOZ20063,4
WOZ20064,2
WOZ20065,6
WOZ20066,5
WOZ20067,3
WOZ20068,3
WOZ20069,5
WOZ20070,4
WOZ20071,5
WOZ20072,3
WOZ20073,6
WOZ20074,3
WOZ20075,5
WOZ20076,3
WOZ20077,3
WOZ20078,6
WOZ20079,5
WOZ20080,4
WOZ20081,4
WOZ20082,4
WOZ20083,4
WOZ20084,5
WOZ20085,4
WOZ20086,4
WOZ20087,5
WOZ20088,4
WOZ20089,3
WOZ20090,5
WOZ20091,3
WOZ20092,5
WOZ20093,5
WOZ20094,6
WOZ20095,5
WOZ20096,4
WOZ20097,5
WOZ20098,4
WOZ20099,4
WOZ20100,4
WOZ20101,3
WOZ20102,2
WOZ20103,3
WOZ20104,3
WOZ20105,3
WOZ20106,3
WOZ20107,6
WOZ20108,3
WOZ20109,3
WOZ20110,3
WOZ20111,3
WOZ20112,4
WOZ20113,5
WOZ20114,2
WOZ20115,4
WOZ20116,6
WOZ20117,4
WOZ20118,5
WOZ20119,4
WOZ20120,6
WOZ20121,7
WOZ20122,3
WOZ20123,3
WOZ20124,4
WOZ20125,5
WOZ20126,3
WOZ20127,3
WOZ20128,5
WOZ20129,3
WOZ20130,3
WOZ20131,2
WOZ20132,4
WOZ20133,4
WOZ20134,5
WOZ20135,5
WOZ20136,5
WOZ20137,6
WOZ20138,3
WOZ20139,6
WOZ20140,4
WOZ20141,3
WOZ20142,4
WOZ20143,7
WOZ20144,3
WOZ20145,3
WOZ20146,5
WOZ20147,3
WOZ20148,3
WOZ20149,4
WOZ20150,3
WOZ20151,3
WOZ20152,3
WOZ20153,3
WOZ20154,3
WOZ20155,4
WOZ20156,5
WOZ20157,6
WOZ20158,5
WOZ20159,3
WOZ20160,5
WOZ20161,4
WOZ20162,3
WOZ20163,2
WOZ20164,2
WOZ20165,3
WOZ20166,6
WOZ20167,4
WOZ20168,4
WOZ20169,4
WOZ20170,5
WOZ20171,2
WOZ20172,4
WOZ20173,4
WOZ20174,3
WOZ20175,5
WOZ20176,4
WOZ20177,3
WOZ20178,5
WOZ20179,3
WOZ20180,6
WOZ20181,4
WOZ20182,5
WOZ20183,3
WOZ20184,3
WOZ20185,7
WOZ20186,6
WOZ20187,7
WOZ20188,5
WOZ20189,4
WOZ20190,5
WOZ20191,3
WOZ20192,6
WOZ20193,5
WOZ20194,6
WOZ20195,5
WOZ20196,7
WOZ20197,5
WOZ20198,4
WOZ20199,4
WOZ20200,3
WOZ20201,5
WOZ20202,3
WOZ20203,3
WOZ20204,5
WOZ20205,2
WOZ20206,3
WOZ20207,6
WOZ20208,4
WOZ20209,5
WOZ20210,4
WOZ20211,5
WOZ20212,2
WOZ20213,5
WOZ20214,5
WOZ20215,4
WOZ20216,5
WOZ20217,3
WOZ20218,5
WOZ20219,4
WOZ20220,3
WOZ20221,4
WOZ20222,4
WOZ20223,4
WOZ20224,3
WOZ20225,4
WOZ20226,6
WOZ20227,4
WOZ20228,5
WOZ20229,4
WOZ20230,3
WOZ20231,3
WOZ20232,4
WOZ20233,4
WOZ20234,4
WOZ20235,5
WOZ20236,6
WOZ20237,2
WOZ20238,6
WOZ20239,4
WOZ20240,5
WOZ20241,4
WOZ20242,6
WOZ20243,6
WOZ20244,5
WOZ20245,6
WOZ20246,3
WOZ20247,4
WOZ20248,4
WOZ20249,3
WOZ20250,4
WOZ20251,5
WOZ20252,4
WOZ20253,6
WOZ20254,5
WOZ20255,5
WOZ20256,4
WOZ20257,3
WOZ20258,4
WOZ20259,4
WOZ20260,6
WOZ20261,3
WOZ20262,3
WOZ20263,5
WOZ20264,2
WOZ20265,4
WOZ20266,3
WOZ20267,5
WOZ20268,5
WOZ20269,4
WOZ20270,4
WOZ20271,3
WOZ20272,5
WOZ20273,3
WOZ20274,5
WOZ20275,4
WOZ20276,4
WOZ20277,5
WOZ20278,4
WOZ20279,4
WOZ20280,3
WOZ20281,4
WOZ20282,4
WOZ20283,3
WOZ20284,6
WOZ20285,3
WOZ20286,4
WOZ20287,4
WOZ20288,4
WOZ20289,6
WOZ20290,3
WOZ20291,6
WOZ20292,5
WOZ20293,3
WOZ20294,6
WOZ20295,5
WOZ20296,5
WOZ20297,3
WOZ20298,3
WOZ20299,6
WOZ20300,7
WOZ20301,5
WOZ20302,4
WOZ20303,3
WOZ20304,4
WOZ20305,3
WOZ20306,4
WOZ20307,3
WOZ20308,5
WOZ20309,3
WOZ20310,3
WOZ20311,3
WOZ20312,4
WOZ20313,2
WOZ20314,3
WOZ20315,2
WOZ20316,3
WOZ20317,2
WOZ20318,5
WOZ20319,3
WOZ20320,2
WOZ20321,5
WOZ20322,2
WOZ20323,4
WOZ20324,6
WOZ20325,6
WOZ20326,5
WOZ20327,5
WOZ20328,2
WOZ20329,3
WOZ20330,6
WOZ20331,3
WOZ20332,4
WOZ20333,5
WOZ20334,4
WOZ20335,5
WOZ20336,4
WOZ20337,3
WOZ20338,2
WOZ20339,3
WOZ20340,3
WOZ20341,5
WOZ20342,4
WOZ20343,5
WOZ20344,4
WOZ20345,3
WOZ20346,2
WOZ20347,5
WOZ20348,3
WOZ20349,5
WOZ20350,4
WOZ20351,4
WOZ20352,3
WOZ20353,4
WOZ20354,2
WOZ20355,4
WOZ20356,4
WOZ20357,2
WOZ20358,4
WOZ20359,8
WOZ20360,5
WOZ20361,5
WOZ20362,5
WOZ20363,6
WOZ20364,4
WOZ20365,8
WOZ20367,6
WOZ20368,4
WOZ20369,3
WOZ20370,5
WOZ20371,4
WOZ20372,5
WOZ20373,4
WOZ20374,5
WOZ20375,4
WOZ20376,3
WOZ20377,3
WOZ20378,3
WOZ20379,6
WOZ20380,6
WOZ20381,3
WOZ20382,4
WOZ20383,4
WOZ20384,3
WOZ20385,4
WOZ20386,3
WOZ20387,6
WOZ20388,7
WOZ20389,4
WOZ20390,2
WOZ20391,4
WOZ20392,3
WOZ20393,4
WOZ20394,4
WOZ20395,5
WOZ20396,5
WOZ20397,2
WOZ20398,4
WOZ20399,4
WOZ20400,3
WOZ20401,5
WOZ20402,5
WOZ20403,5
WOZ20404,4
WOZ20405,5
WOZ20406,5
WOZ20407,2
WOZ20408,4
WOZ20409,6
WOZ20410,4
WOZ20411,4
WOZ20412,7
WOZ20413,3
WOZ20414,2
WOZ20415,5
WOZ20416,6
WOZ20417,4
WOZ20418,3
WOZ20419,4
WOZ20420,5
WOZ20421,2
WOZ20422,5
WOZ20423,6
WOZ20424,4
WOZ20425,5
WOZ20426,3
WOZ20427,5
WOZ20428,5
WOZ20429,5
WOZ20430,3
WOZ20431,4
WOZ20432,2
WOZ20433,3
WOZ20434,3
WOZ20435,3
WOZ20436,4
WOZ20437,3
WOZ20438,4
WOZ20439,5
WOZ20440,3
WOZ20441,5
WOZ20442,3
WOZ20443,6
WOZ20444,4
WOZ20445,7
WOZ20446,5
WOZ20447,4
WOZ20448,4
WOZ20449,5
WOZ20450,4
WOZ20451,3
WOZ20452,5
WOZ20453,4
WOZ20454,4
WOZ20455,3
WOZ20456,3
WOZ20457,5
WOZ20458,2
WOZ20459,5
WOZ20460,7
WOZ20461,3
WOZ20462,3
WOZ20463,5
WOZ20464,3
WOZ20465,4
WOZ20466,4
WOZ20467,3
WOZ20468,5
WOZ20469,5
WOZ20470,5
WOZ20471,4
WOZ20472,3
WOZ20473,4
WOZ20474,7
WOZ20475,4
WOZ20476,3
WOZ20477,4
WOZ20478,3
WOZ20479,4
WOZ20480,2
WOZ20481,3
WOZ20482,4
WOZ20483,7
WOZ20484,4
WOZ20485,4
WOZ20486,4
WOZ20487,2
WOZ20488,4
WOZ20489,5
WOZ20490,3
WOZ20491,5
WOZ20492,3
WOZ20493,3
WOZ20494,2
WOZ20495,2
WOZ20496,4
WOZ20497,5
WOZ20498,4
WOZ20499,5
WOZ20500,3
WOZ20501,5
WOZ20502,2
WOZ20503,5
WOZ20504,6
WOZ20505,4
WOZ20506,3
WOZ20507,3
WOZ20508,5
WOZ20509,5
WOZ20510,4
WOZ20511,3
WOZ20512,3
WOZ20513,3
WOZ20514,2
WOZ20515,4
WOZ20516,2
WOZ20517,5
WOZ20518,7
WOZ20519,3
WOZ20520,4
WOZ20521,5
WOZ20522,2
WOZ20523,4
WOZ20524,4
WOZ20525,6
WOZ20526,3
WOZ20527,3
WOZ20528,4
WOZ20529,3
WOZ20530,4
WOZ20531,4
WOZ20532,5
WOZ20533,3
WOZ20534,4
WOZ20535,4
WOZ20536,5
WOZ20537,3
WOZ20538,4
WOZ20539,3
WOZ20540,4
WOZ20541,4
WOZ20542,4
WOZ20543,4
WOZ20544,3
WOZ20545,6
WOZ20546,5
WOZ20547,5
WOZ20548,5
WOZ20549,3
WOZ20550,4
WOZ20551,5
WOZ20552,5
WOZ20553,5
WOZ20554,3
WOZ20555,4
WOZ20556,3
WOZ20557,4
WOZ20558,4
WOZ20559,4
WOZ20560,2
WOZ20561,5
WOZ20562,5
WOZ20563,2
WOZ20564,3
WOZ20565,2
WOZ20566,3
WOZ20567,5
WOZ20568,4
WOZ20569,2
WOZ20570,6
WOZ20571,5
WOZ20572,4
WOZ20573,4
WOZ20574,2
WOZ20575,2
WOZ20576,6
WOZ20577,3
WOZ20578,3
WOZ20579,4
WOZ20580,5
WOZ20581,4
WOZ20582,6
WOZ20583,2
WOZ20584,6
WOZ20585,4
WOZ20586,5
WOZ20587,3
WOZ20588,5
WOZ20589,4
WOZ20590,4
WOZ20591,3
WOZ20592,4
WOZ20593,4
WOZ20594,4
WOZ20595,4
WOZ20596,4
WOZ20597,5
WOZ20598,5
WOZ20599,4
WOZ20600,2
WOZ20601,3
WOZ20602,4
WOZ20603,5
WOZ20604,2
WOZ20605,4
WOZ20606,4
WOZ20607,5
WOZ20608,4
WOZ20609,3
WOZ20610,4
WOZ20611,4
WOZ20612,5
WOZ20613,3
WOZ20614,4
WOZ20615,5
WOZ20616,4
WOZ20617,6
WOZ20618,4
WOZ20619,4
WOZ20620,6
WOZ20621,4
WOZ20622,5
WOZ20623,3
WOZ20624,2
WOZ20625,6
WOZ20626,4
WOZ20627,2
WOZ20628,3
WOZ20629,5
WOZ20630,4
WOZ20631,6
WOZ20632,3
WOZ20633,4
WOZ20634,7
WOZ20635,4
WOZ20636,3
WOZ20637,2
WOZ20638,4
WOZ20639,5
WOZ20640,3
WOZ20641,4
WOZ20642,4
WOZ20643,3
WOZ20644,3
WOZ20645,2
WOZ20646,5
WOZ20647,4
WOZ20648,3
WOZ20649,3
WOZ20650,4
WOZ20651,4
WOZ20652,4
WOZ20653,3
WOZ20654,3
WOZ20656,4
WOZ20657,4
WOZ20658,4
WOZ20659,4
WOZ20660,3
WOZ20661,4
WOZ20662,4
WOZ20663,4
WOZ20664,6
WOZ20665,3
WOZ20666,3
WOZ20667,4
WOZ20668,3
WOZ20669,6
WOZ20670,4
WOZ20671,3
WOZ20672,5
WOZ20673,5
WOZ20674,4
WOZ20675,5
