round,selected_turn_id,max_entropy,select_turn_per_round_time
0,MUL1043-2,2485.1923828125,13041.573879480362
0,PMUL3412-0,2435.767578125,13041.573879480362
0,MUL1210-2,2518.51806640625,13041.573879480362
0,PMUL1870-1,2459.781005859375,13041.573879480362
0,SSNG0006-0,2501.889892578125,13041.573879480362
0,MUL2101-1,2416.802001953125,13041.573879480362
0,WOZ20380-2,2484.61328125,13041.573879480362
0,MUL2371-0,2472.416259765625,13041.573879480362
0,MUL2312-0,2437.57080078125,13041.573879480362
0,PMUL2361-2,2427.653076171875,13041.573879480362
0,WOZ20496-1,2549.66259765625,13041.573879480362
0,MUL2579-0,2500.725341796875,13041.573879480362
0,PMUL0292-3,2510.156982421875,13041.573879480362
0,PMUL3436-1,2517.826171875,13041.573879480362
0,PMUL1637-4,2474.680908203125,13041.573879480362
0,WOZ20197-1,2471.164306640625,13041.573879480362
0,SNG01420-0,2490.2890625,13041.573879480362
0,PMUL4030-0,2552.6123046875,13041.573879480362
0,PMUL0585-2,2374.69677734375,13041.573879480362
0,WOZ20487-0,2498.636474609375,13041.573879480362
0,PMUL4024-0,2465.3447265625,13041.573879480362
0,MUL2548-3,2400.551025390625,13041.573879480362
0,PMUL4987-8,2432.83935546875,13041.573879480362
0,MUL2313-0,2533.2080078125,13041.573879480362
0,SSNG0146-2,2422.28662109375,13041.573879480362
0,PMUL4537-1,2360.7333984375,13041.573879480362
0,SNG1185-1,2481.39111328125,13041.573879480362
0,PMUL2890-9,2444.236572265625,13041.573879480362
0,PMUL0235-0,2534.08837890625,13041.573879480362
0,PMUL4392-2,2388.828125,13041.573879480362
0,MUL0188-0,2501.172119140625,13041.573879480362
0,WOZ20598-2,2539.281005859375,13041.573879480362
0,MUL2032-7,2409.52734375,13041.573879480362
0,SNG1200-0,2438.73828125,13041.573879480362
0,PMUL1826-10,2368.527099609375,13041.573879480362
0,PMUL0110-0,2534.22900390625,13041.573879480362
0,PMUL4460-2,2490.75244140625,13041.573879480362
0,MUL0232-0,2473.13916015625,13041.573879480362
0,MUL1178-0,2452.667236328125,13041.573879480362
0,MUL1711-1,2496.52685546875,13041.573879480362
0,PMUL1813-5,2447.514404296875,13041.573879480362
0,PMUL2134-1,2460.045166015625,13041.573879480362
0,PMUL1231-5,2529.22607421875,13041.573879480362
0,SNG0014-4,2444.731201171875,13041.573879480362
0,MUL0419-1,2398.111572265625,13041.573879480362
0,PMUL3243-3,2482.330078125,13041.573879480362
0,PMUL4157-0,2472.73583984375,13041.573879480362
0,WOZ20355-1,2498.036865234375,13041.573879480362
0,MUL1459-1,2435.132568359375,13041.573879480362
0,SNG0584-2,2446.059814453125,13041.573879480362
0,PMUL0664-1,2481.943603515625,13041.573879480362
0,SNG1097-1,2488.4306640625,13041.573879480362
0,PMUL2611-0,2404.084716796875,13041.573879480362
0,PMUL3801-0,2487.09130859375,13041.573879480362
0,SSNG0083-1,2485.274658203125,13041.573879480362
0,PMUL4740-1,2507.378173828125,13041.573879480362
0,PMUL3791-0,2488.510498046875,13041.573879480362
0,PMUL2323-1,2458.225341796875,13041.573879480362
0,MUL2299-0,2470.8984375,13041.573879480362
0,SNG1368-2,2519.184326171875,13041.573879480362
0,MUL0958-0,2441.92236328125,13041.573879480362
0,MUL0595-1,2478.31201171875,13041.573879480362
0,PMUL2365-1,2476.295654296875,13041.573879480362
0,SNG01616-1,2469.980712890625,13041.573879480362
0,SNG01611-1,2428.798828125,13041.573879480362
0,PMUL3950-3,2457.089599609375,13041.573879480362
0,SSNG0397-0,2502.3564453125,13041.573879480362
0,PMUL1460-0,2528.734375,13041.573879480362
0,MUL0403-1,2414.21044921875,13041.573879480362
0,PMUL1640-2,2457.236328125,13041.573879480362
0,PMUL4807-2,2407.861328125,13041.573879480362
0,MUL2426-1,2483.00146484375,13041.573879480362
0,MUL1082-0,2459.512939453125,13041.573879480362
0,MUL1196-0,2491.09423828125,13041.573879480362
0,MUL0132-2,2484.075927734375,13041.573879480362
0,PMUL3056-2,2426.766357421875,13041.573879480362
0,MUL1157-1,2462.552978515625,13041.573879480362
0,SNG0309-1,2476.589111328125,13041.573879480362
0,MUL2149-3,2492.70361328125,13041.573879480362
0,MUL2348-0,2500.05859375,13041.573879480362
0,SNG01266-0,2463.062255859375,13041.573879480362
0,SNG1079-1,2521.072998046875,13041.573879480362
0,MUL1304-5,2392.240478515625,13041.573879480362
0,MUL1163-0,2510.7314453125,13041.573879480362
0,PMUL3686-0,2507.72265625,13041.573879480362
0,SSNG0033-0,2551.126708984375,13041.573879480362
0,WOZ20005-0,2521.474609375,13041.573879480362
0,PMUL1271-2,2402.664794921875,13041.573879480362
0,PMUL4208-0,2475.0537109375,13041.573879480362
0,SNG1281-0,2431.312744140625,13041.573879480362
0,WOZ20561-0,2480.9853515625,13041.573879480362
0,PMUL3493-2,2400.625732421875,13041.573879480362
0,PMUL1075-0,2548.80908203125,13041.573879480362
0,PMUL3227-0,2424.44140625,13041.573879480362
0,MUL0704-1,2564.748779296875,13041.573879480362
0,PMUL4642-4,2452.52294921875,13041.573879480362
0,MUL1290-0,2476.586181640625,13041.573879480362
0,PMUL1808-0,2475.972900390625,13041.573879480362
0,MUL1518-1,2508.35693359375,13041.573879480362
0,PMUL3696-2,2456.5986328125,13041.573879480362
1,WOZ20407-1,8.463263511657715,29818.257638692856
1,MUL2352-6,15.139302253723145,29818.257638692856
1,SSNG0162-6,13.552552223205566,29818.257638692856
1,SNG0758-3,11.1633882522583,29818.257638692856
1,MUL2528-7,20.81031036376953,29818.257638692856
1,SNG01248-3,8.93313980102539,29818.257638692856
1,SNG01633-6,11.363670349121094,29818.257638692856
1,PMUL3367-9,14.65326976776123,29818.257638692856
1,PMUL2066-7,18.189868927001953,29818.257638692856
1,SSNG0361-5,12.513325691223145,29818.257638692856
1,PMUL3081-9,18.02145767211914,29818.257638692856
1,WOZ20014-3,9.721366882324219,29818.257638692856
1,SNG1282-2,6.929347038269043,29818.257638692856
1,SNG0884-6,15.187278747558594,29818.257638692856
1,PMUL0950-7,14.100983619689941,29818.257638692856
1,PMUL0810-6,14.443829536437988,29818.257638692856
1,WOZ20287-3,8.146404266357422,29818.257638692856
1,MUL2452-8,15.655963897705078,29818.257638692856
1,PMUL2392-7,17.5567626953125,29818.257638692856
1,PMUL1505-6,15.378793716430664,29818.257638692856
1,PMUL2216-5,12.04367733001709,29818.257638692856
1,MUL0866-9,15.363051414489746,29818.257638692856
1,PMUL2108-6,12.171038627624512,29818.257638692856
1,MUL2050-7,18.50258445739746,29818.257638692856
1,MUL0944-5,10.21784496307373,29818.257638692856
1,PMUL3799-7,12.17466926574707,29818.257638692856
1,PMUL1237-5,11.825334548950195,29818.257638692856
1,PMUL0580-5,14.2266206741333,29818.257638692856
1,PMUL0470-10,17.58730697631836,29818.257638692856
1,PMUL1646-8,16.547773361206055,29818.257638692856
1,PMUL4751-7,15.966333389282227,29818.257638692856
1,PMUL4403-6,18.181018829345703,29818.257638692856
1,MUL0885-4,11.323110580444336,29818.257638692856
1,SNG0415-3,9.221207618713379,29818.257638692856
1,PMUL0775-6,16.03815460205078,29818.257638692856
1,PMUL4845-7,16.377635955810547,29818.257638692856
1,WOZ20237-1,6.674225330352783,29818.257638692856
1,PMUL0443-8,17.7757511138916,29818.257638692856
1,SSNG0087-4,13.370146751403809,29818.257638692856
1,PMUL4347-6,12.795660972595215,29818.257638692856
1,PMUL3325-7,17.356178283691406,29818.257638692856
1,PMUL4803-5,12.783306121826172,29818.257638692856
1,MUL0137-9,17.52849006652832,29818.257638692856
1,PMUL4014-3,8.728206634521484,29818.257638692856
1,MUL1586-9,19.467037200927734,29818.257638692856
1,PMUL0463-8,17.192346572875977,29818.257638692856
1,PMUL4323-7,17.20993423461914,29818.257638692856
1,PMUL0058-8,18.2762393951416,29818.257638692856
1,PMUL3730-5,13.791070938110352,29818.257638692856
1,PMUL1139-8,15.538383483886719,29818.257638692856
1,MUL2508-6,15.72343921661377,29818.257638692856
1,PMUL2577-7,11.693094253540039,29818.257638692856
1,MUL1339-9,19.05584716796875,29818.257638692856
1,WOZ20218-4,9.970315933227539,29818.257638692856
1,PMUL4336-1,6.565412521362305,29818.257638692856
1,PMUL1710-7,14.611590385437012,29818.257638692856
1,WOZ20549-2,10.136948585510254,29818.257638692856
1,WOZ20148-2,9.753448486328125,29818.257638692856
1,PMUL2188-5,11.390310287475586,29818.257638692856
1,MUL0596-5,13.54421329498291,29818.257638692856
1,MUL2370-7,17.470083236694336,29818.257638692856
1,MUL1199-6,15.139349937438965,29818.257638692856
1,PMUL0351-8,17.35367774963379,29818.257638692856
1,PMUL2376-9,16.58808135986328,29818.257638692856
1,WOZ20612-4,10.32505989074707,29818.257638692856
1,PMUL3747-8,15.418431282043457,29818.257638692856
1,SNG1317-3,7.4934000968933105,29818.257638692856
1,PMUL0368-7,17.502145767211914,29818.257638692856
1,MUL1572-7,17.34749984741211,29818.257638692856
1,PMUL4789-6,16.189929962158203,29818.257638692856
1,PMUL1973-8,15.33875560760498,29818.257638692856
1,MUL2237-5,16.278942108154297,29818.257638692856
1,SNG02242-3,11.011302947998047,29818.257638692856
1,MUL2400-8,17.64398956298828,29818.257638692856
1,PMUL4985-7,16.73404312133789,29818.257638692856
1,PMUL3642-6,12.61048412322998,29818.257638692856
1,PMUL0534-7,17.597158432006836,29818.257638692856
1,PMUL4893-7,17.669462203979492,29818.257638692856
1,PMUL4214-6,11.043089866638184,29818.257638692856
1,MUL1959-7,15.421042442321777,29818.257638692856
1,SNG1261-3,7.890079498291016,29818.257638692856
1,PMUL0855-5,13.796305656433105,29818.257638692856
1,PMUL0279-8,17.269529342651367,29818.257638692856
1,MUL1528-5,12.628921508789062,29818.257638692856
1,MUL0053-8,18.629886627197266,29818.257638692856
1,PMUL0202-5,15.33939266204834,29818.257638692856
1,MUL1065-6,12.389781951904297,29818.257638692856
1,SSNG0181-5,13.464284896850586,29818.257638692856
1,PMUL4560-8,17.984350204467773,29818.257638692856
1,PMUL2733-7,20.458642959594727,29818.257638692856
1,SNG1325-2,7.573113441467285,29818.257638692856
1,PMUL3842-7,13.692279815673828,29818.257638692856
1,SNG0508-4,11.649443626403809,29818.257638692856
1,MUL1402-6,17.3803768157959,29818.257638692856
1,PMUL3296-5,13.252575874328613,29818.257638692856
1,SNG0624-3,10.763294219970703,29818.257638692856
1,PMUL2799-8,13.837523460388184,29818.257638692856
1,SNG0718-4,10.280508995056152,29818.257638692856
1,PMUL0408-6,14.84167194366455,29818.257638692856
1,MUL1925-8,17.61540412902832,29818.257638692856
2,PMUL4861-7,34.98177719116211,28871.26684141159
2,PMUL4827-6,16.788524627685547,28871.26684141159
2,PMUL1440-6,10.783464431762695,28871.26684141159
2,WOZ20022-6,5.298727989196777,28871.26684141159
2,SNG0930-3,6.49029016494751,28871.26684141159
2,PMUL4578-6,8.481365203857422,28871.26684141159
2,MUL2472-4,10.458844184875488,28871.26684141159
2,PMUL0593-4,9.023622512817383,28871.26684141159
2,MUL0911-5,18.287036895751953,28871.26684141159
2,MUL0387-8,20.259830474853516,28871.26684141159
2,SSNG0211-6,10.86627197265625,28871.26684141159
2,WOZ20483-4,6.090935230255127,28871.26684141159
2,PMUL4398-5,11.635546684265137,28871.26684141159
2,PMUL4064-5,10.0885591506958,28871.26684141159
2,PMUL0350-8,14.440458297729492,28871.26684141159
2,PMUL1538-7,12.831256866455078,28871.26684141159
2,SNG0356-4,9.039965629577637,28871.26684141159
2,PMUL4406-6,23.68943977355957,28871.26684141159
2,SNG0056-1,18.113025665283203,28871.26684141159
2,WOZ20094-5,4.935812473297119,28871.26684141159
2,PMUL1529-7,19.679222106933594,28871.26684141159
2,PMUL4755-6,15.875283241271973,28871.26684141159
2,PMUL2299-4,7.3936052322387695,28871.26684141159
2,SSNG0153-3,10.075701713562012,28871.26684141159
2,PMUL3461-3,24.72130012512207,28871.26684141159
2,SSNG0252-6,9.103445053100586,28871.26684141159
2,WOZ20092-2,5.990073204040527,28871.26684141159
2,PMUL4479-7,22.465503692626953,28871.26684141159
2,PMUL1689-6,12.56856632232666,28871.26684141159
2,SSNG0279-7,12.162461280822754,28871.26684141159
2,PMUL1135-6,13.834919929504395,28871.26684141159
2,PMUL1124-4,12.586050033569336,28871.26684141159
2,PMUL2626-7,10.884517669677734,28871.26684141159
2,MUL0010-8,13.984140396118164,28871.26684141159
2,PMUL3111-8,15.307143211364746,28871.26684141159
2,SNG1333-2,7.533326148986816,28871.26684141159
2,PMUL4749-7,22.258153915405273,28871.26684141159
2,MUL0491-7,10.509121894836426,28871.26684141159
2,PMUL3586-7,6.86699104309082,28871.26684141159
2,PMUL0112-2,7.676401615142822,28871.26684141159
2,PMUL4632-11,14.245024681091309,28871.26684141159
2,MUL1793-3,11.385557174682617,28871.26684141159
2,MUL0630-4,22.02304458618164,28871.26684141159
2,PMUL2310-7,17.383115768432617,28871.26684141159
2,MUL1387-7,22.89585304260254,28871.26684141159
2,SSNG0269-6,9.746295928955078,28871.26684141159
2,PMUL0492-6,34.17162322998047,28871.26684141159
2,PMUL0917-4,19.938262939453125,28871.26684141159
2,WOZ20432-1,5.111615180969238,28871.26684141159
2,MUL1428-3,18.922361373901367,28871.26684141159
2,PMUL2883-6,15.599011421203613,28871.26684141159
2,SNG02027-5,18.050020217895508,28871.26684141159
2,SNG0092-2,10.02164077758789,28871.26684141159
2,MUL0695-10,17.556507110595703,28871.26684141159
2,SNG0710-0,5.955514430999756,28871.26684141159
2,SNG02070-2,20.82166290283203,28871.26684141159
2,WOZ20290-2,4.140648365020752,28871.26684141159
2,MUL1484-2,16.86074447631836,28871.26684141159
2,PMUL1007-6,7.945401191711426,28871.26684141159
2,MUL0572-7,11.874094009399414,28871.26684141159
2,MUL0588-8,17.28105926513672,28871.26684141159
2,MUL0746-12,16.07126235961914,28871.26684141159
2,PMUL2101-3,8.218254089355469,28871.26684141159
2,SNG0003-2,16.125089645385742,28871.26684141159
2,PMUL1021-2,6.114272594451904,28871.26684141159
2,MUL1542-6,33.48786926269531,28871.26684141159
2,SNG0053-1,13.878204345703125,28871.26684141159
2,MUL0501-5,9.46715259552002,28871.26684141159
2,PMUL3622-9,29.14443588256836,28871.26684141159
2,PMUL3459-1,11.10409164428711,28871.26684141159
2,WOZ20647-0,4.71798038482666,28871.26684141159
2,PMUL1212-6,14.778779983520508,28871.26684141159
2,PMUL4863-5,13.779245376586914,28871.26684141159
2,SSNG0332-5,9.484933853149414,28871.26684141159
2,PMUL1082-2,8.522860527038574,28871.26684141159
2,MUL0813-5,33.00865173339844,28871.26684141159
2,PMUL4631-6,12.715025901794434,28871.26684141159
2,PMUL3657-6,21.680187225341797,28871.26684141159
2,PMUL0479-7,32.36065673828125,28871.26684141159
2,PMUL3621-5,36.17397689819336,28871.26684141159
2,SSNG0107-2,8.937601089477539,28871.26684141159
2,PMUL3531-9,21.543869018554688,28871.26684141159
2,PMUL0541-1,4.429359436035156,28871.26684141159
2,PMUL1697-4,10.32897663116455,28871.26684141159
2,SNG1189-2,5.089245796203613,28871.26684141159
2,PMUL0063-1,8.906524658203125,28871.26684141159
2,PMUL2231-6,23.12375831604004,28871.26684141159
2,MUL0381-6,16.39269256591797,28871.26684141159
2,PMUL2734-6,7.422616481781006,28871.26684141159
2,PMUL4393-2,4.202023983001709,28871.26684141159
2,PMUL3099-6,19.306272506713867,28871.26684141159
2,PMUL2060-7,15.604207038879395,28871.26684141159
2,MUL1832-7,12.230966567993164,28871.26684141159
2,PMUL1850-3,9.740739822387695,28871.26684141159
2,MUL1511-8,16.96465301513672,28871.26684141159
2,PMUL1704-7,16.773218154907227,28871.26684141159
2,PMUL1062-6,11.373184204101562,28871.26684141159
2,WOZ20096-3,4.062685966491699,28871.26684141159
2,PMUL1830-7,26.908048629760742,28871.26684141159
2,SNG01687-4,13.927863121032715,28871.26684141159
3,PMUL0833-7,12.568406105041504,41709.08664083481
3,PMUL1603-6,9.02286148071289,41709.08664083481
3,SSNG0028-0,2.3170578479766846,41709.08664083481
3,PMUL3646-5,8.328371047973633,41709.08664083481
3,SSNG0290-1,0.24686923623085022,41709.08664083481
3,WOZ20506-2,3.0808558464050293,41709.08664083481
3,PMUL2136-5,4.37023401260376,41709.08664083481
3,PMUL0532-4,7.5276079177856445,41709.08664083481
3,MUL1909-11,4.232801914215088,41709.08664083481
3,SNG0286-0,3.0952727794647217,41709.08664083481
3,PMUL0183-4,3.4250500202178955,41709.08664083481
3,PMUL0121-4,13.543296813964844,41709.08664083481
3,SSNG0388-2,4.717484474182129,41709.08664083481
3,MUL0784-10,9.792003631591797,41709.08664083481
3,PMUL1906-11,6.090415000915527,41709.08664083481
3,PMUL0314-6,18.29116439819336,41709.08664083481
3,SNG0801-4,3.5001065731048584,41709.08664083481
3,PMUL0866-4,12.20668888092041,41709.08664083481
3,PMUL4428-1,19.944835662841797,41709.08664083481
3,PMUL2595-5,7.753359317779541,41709.08664083481
3,MUL2367-5,18.575153350830078,41709.08664083481
3,MUL0380-0,10.84640884399414,41709.08664083481
3,SSNG0362-5,6.7465500831604,41709.08664083481
3,PMUL1166-11,6.047232151031494,41709.08664083481
3,MUL2504-4,3.847118616104126,41709.08664083481
3,MUL2700-7,1.8686753511428833,41709.08664083481
3,MUL1824-5,5.964805603027344,41709.08664083481
3,SNG0411-3,7.411156177520752,41709.08664083481
3,PMUL4797-8,7.073989391326904,41709.08664083481
3,MUL0365-5,9.416500091552734,41709.08664083481
3,PMUL1970-0,6.548055171966553,41709.08664083481
3,SNG0764-1,3.5841445922851562,41709.08664083481
3,MUL0820-5,3.8658554553985596,41709.08664083481
3,PMUL2130-5,15.314784049987793,41709.08664083481
3,MUL1580-0,9.087639808654785,41709.08664083481
3,MUL0782-2,7.421144485473633,41709.08664083481
3,WOZ20166-3,6.433028221130371,41709.08664083481
3,SNG01356-2,8.418869972229004,41709.08664083481
3,PMUL2957-7,23.731191635131836,41709.08664083481
3,MUL1544-6,9.531362533569336,41709.08664083481
3,MUL0179-6,11.257406234741211,41709.08664083481
3,PMUL3028-9,28.286909103393555,41709.08664083481
3,WOZ20399-0,2.157240390777588,41709.08664083481
3,PMUL4141-5,7.272374629974365,41709.08664083481
3,MUL0163-7,30.296091079711914,41709.08664083481
3,SSNG0022-4,7.469561576843262,41709.08664083481
3,MUL2540-8,22.23473358154297,41709.08664083481
3,SNG01451-1,3.120133399963379,41709.08664083481
3,SNG1260-0,5.060611724853516,41709.08664083481
3,SNG1153-2,16.907251358032227,41709.08664083481
3,MUL1062-7,19.52109718322754,41709.08664083481
3,SNG0729-1,4.8629231452941895,41709.08664083481
3,SNG02338-4,16.55280303955078,41709.08664083481
3,PMUL0667-3,13.201688766479492,41709.08664083481
3,WOZ20156-4,3.199390411376953,41709.08664083481
3,MUL2076-4,5.838029384613037,41709.08664083481
3,SSNG0123-0,2.3720743656158447,41709.08664083481
3,MUL2566-8,19.61027717590332,41709.08664083481
3,SNG0347-1,5.33109188079834,41709.08664083481
3,PMUL0867-0,6.005389213562012,41709.08664083481
3,SSNG0282-7,5.65574312210083,41709.08664083481
3,MUL0246-5,11.092952728271484,41709.08664083481
3,MUL0712-5,5.564811706542969,41709.08664083481
3,WOZ20172-2,0.8533917665481567,41709.08664083481
3,MUL1942-5,7.061344146728516,41709.08664083481
3,PMUL4519-4,17.533308029174805,41709.08664083481
3,WOZ20590-1,1.492977499961853,41709.08664083481
3,SNG0732-1,2.711174964904785,41709.08664083481
3,PMUL2355-7,3.7406527996063232,41709.08664083481
3,PMUL0337-6,13.306207656860352,41709.08664083481
3,PMUL2994-8,9.414830207824707,41709.08664083481
3,PMUL3237-5,8.646126747131348,41709.08664083481
3,WOZ20340-1,1.7054988145828247,41709.08664083481
3,MUL1394-8,12.918370246887207,41709.08664083481
3,PMUL1151-1,4.345609664916992,41709.08664083481
3,MUL0327-12,11.060840606689453,41709.08664083481
3,SNG0915-1,2.585008382797241,41709.08664083481
3,MUL2040-4,8.122743606567383,41709.08664083481
3,PMUL2964-7,5.094690322875977,41709.08664083481
3,SNG1391-3,6.192024230957031,41709.08664083481
3,MUL1267-6,7.884388446807861,41709.08664083481
3,PMUL2959-7,10.512055397033691,41709.08664083481
3,MUL2296-4,9.02478313446045,41709.08664083481
3,SNG01715-3,0.38204577565193176,41709.08664083481
3,WOZ20123-0,5.2870378494262695,41709.08664083481
3,SNG01352-1,3.2010087966918945,41709.08664083481
3,MUL0953-4,5.862123012542725,41709.08664083481
3,PMUL4825-5,7.935887336730957,41709.08664083481
3,PMUL3216-11,24.432260513305664,41709.08664083481
3,PMUL1606-5,7.411046504974365,41709.08664083481
3,PMUL3032-12,19.690723419189453,41709.08664083481
3,PMUL0361-8,25.567049026489258,41709.08664083481
3,PMUL4944-4,7.58444881439209,41709.08664083481
3,PMUL1390-3,5.247137546539307,41709.08664083481
3,MUL1411-12,9.634838104248047,41709.08664083481
3,PMUL2874-2,2.866462230682373,41709.08664083481
3,PMUL0404-7,18.261985778808594,41709.08664083481
3,PMUL0909-5,9.916482925415039,41709.08664083481
3,MUL1524-4,9.510049819946289,41709.08664083481
3,MUL0567-0,2.6741394996643066,41709.08664083481
4,PMUL3507-6,21.85940170288086,47100.79662895203
4,WOZ20048-0,2.2477529048919678,47100.79662895203
4,SNG1170-3,6.379347801208496,47100.79662895203
4,SNG0387-3,0.41152268648147583,47100.79662895203
4,PMUL2003-5,3.806506633758545,47100.79662895203
4,PMUL3449-7,4.2342047691345215,47100.79662895203
4,PMUL0715-3,1.1514027118682861,47100.79662895203
4,MUL0210-7,7.167133331298828,47100.79662895203
4,MUL2454-7,27.149015426635742,47100.79662895203
4,PMUL0434-5,1.1207568645477295,47100.79662895203
4,PMUL0409-5,7.033454418182373,47100.79662895203
4,WOZ20522-1,2.987529993057251,47100.79662895203
4,MUL2182-5,3.029007911682129,47100.79662895203
4,PMUL1315-3,4.446619033813477,47100.79662895203
4,MUL2580-5,9.754499435424805,47100.79662895203
4,SNG1063-2,1.635524868965149,47100.79662895203
4,PMUL2086-9,17.723844528198242,47100.79662895203
4,PMUL2860-7,16.456878662109375,47100.79662895203
4,WOZ20191-1,3.868986129760742,47100.79662895203
4,SSNG0131-2,2.7328414916992188,47100.79662895203
4,MUL2242-8,3.759002923965454,47100.79662895203
4,PMUL0085-11,6.169445991516113,47100.79662895203
4,MUL0285-5,6.186978340148926,47100.79662895203
4,SSNG0351-2,3.192030906677246,47100.79662895203
4,MUL2481-6,2.5758860111236572,47100.79662895203
4,PMUL2083-7,4.257458209991455,47100.79662895203
4,PMUL3192-2,2.740583896636963,47100.79662895203
4,PMUL0568-6,5.536022186279297,47100.79662895203
4,PMUL0101-7,6.0004191398620605,47100.79662895203
4,SNG01565-2,16.117300033569336,47100.79662895203
4,PMUL4611-7,6.036888599395752,47100.79662895203
4,WOZ20359-7,4.80629301071167,47100.79662895203
4,PMUL3199-6,2.5869481563568115,47100.79662895203
4,MUL1891-6,4.00518798828125,47100.79662895203
4,PMUL4461-5,9.46706485748291,47100.79662895203
4,PMUL0022-9,14.190287590026855,47100.79662895203
4,WOZ20508-0,2.7773163318634033,47100.79662895203
4,MUL0002-6,6.562705993652344,47100.79662895203
4,PMUL2789-8,9.74422550201416,47100.79662895203
4,WOZ20186-4,3.8372535705566406,47100.79662895203
4,SSNG0062-3,6.486400127410889,47100.79662895203
4,PMUL3577-5,4.927706241607666,47100.79662895203
4,PMUL3573-6,7.773545265197754,47100.79662895203
4,WOZ20538-0,2.4649176597595215,47100.79662895203
4,PMUL2099-1,4.127357482910156,47100.79662895203
4,SNG1171-2,2.541299343109131,47100.79662895203
4,WOZ20439-0,1.5326862335205078,47100.79662895203
4,MUL1795-5,2.7985332012176514,47100.79662895203
4,PMUL2727-4,4.390262603759766,47100.79662895203
4,SNG0443-4,0.39219287037849426,47100.79662895203
4,PMUL4584-8,7.115059852600098,47100.79662895203
4,PMUL1675-4,2.8007991313934326,47100.79662895203
4,SNG1044-0,0.9761461615562439,47100.79662895203
4,PMUL4036-6,2.282501459121704,47100.79662895203
4,MUL2308-7,6.807737350463867,47100.79662895203
4,MUL1747-6,3.9185121059417725,47100.79662895203
4,WOZ20119-0,2.189528703689575,47100.79662895203
4,MUL1074-8,3.5509095191955566,47100.79662895203
4,SNG1213-5,1.6383413076400757,47100.79662895203
4,WOZ20577-2,0.6948989629745483,47100.79662895203
4,PMUL4188-4,5.019411563873291,47100.79662895203
4,PMUL3903-6,10.527093887329102,47100.79662895203
4,SNG1233-2,10.006281852722168,47100.79662895203
4,SNG1389-3,1.6105564832687378,47100.79662895203
4,PMUL4899-4,3.1630876064300537,47100.79662895203
4,SNG01674-0,2.8909683227539062,47100.79662895203
4,PMUL2838-8,13.013324737548828,47100.79662895203
4,PMUL2621-7,16.50554656982422,47100.79662895203
4,MUL2350-5,5.487388610839844,47100.79662895203
4,SNG1108-0,1.9464943408966064,47100.79662895203
4,SNG1294-0,0.6794044375419617,47100.79662895203
4,PMUL3894-3,17.713136672973633,47100.79662895203
4,PMUL3560-7,16.065889358520508,47100.79662895203
4,WOZ20184-0,2.0116360187530518,47100.79662895203
4,MUL1219-6,18.525606155395508,47100.79662895203
4,MUL1984-4,3.7354326248168945,47100.79662895203
4,SNG1396-3,0.26600050926208496,47100.79662895203
4,MUL1067-6,10.713052749633789,47100.79662895203
4,MUL2447-8,26.450279235839844,47100.79662895203
4,PMUL3664-5,3.555878162384033,47100.79662895203
4,WOZ20560-1,2.2523229122161865,47100.79662895203
4,PMUL4532-6,9.444583892822266,47100.79662895203
4,SNG0023-2,8.638041496276855,47100.79662895203
4,WOZ20292-1,2.761563301086426,47100.79662895203
4,PMUL0686-4,6.595129013061523,47100.79662895203
4,SNG1117-1,0.6865657567977905,47100.79662895203
4,SSNG0295-2,5.644967555999756,47100.79662895203
4,PMUL3917-2,2.0931637287139893,47100.79662895203
4,PMUL0364-4,11.247803688049316,47100.79662895203
4,SNG0545-0,4.408656597137451,47100.79662895203
4,SNG1032-3,3.514955520629883,47100.79662895203
4,SNG0324-1,2.3427913188934326,47100.79662895203
4,MUL2430-9,17.5203800201416,47100.79662895203
4,SNG0355-2,1.4092508554458618,47100.79662895203
4,MUL0889-7,14.59065055847168,47100.79662895203
4,PMUL0594-0,7.043169021606445,47100.79662895203
4,PMUL4249-5,4.847420692443848,47100.79662895203
4,MUL0783-7,5.119440078735352,47100.79662895203
4,WOZ20269-3,0.10278603434562683,47100.79662895203
4,PMUL2969-8,3.2171905040740967,47100.79662895203
5,PMUL0684-3,3.531689405441284,28716.110518693924
5,SNG01949-1,10.917755126953125,28716.110518693924
5,PMUL2068-9,7.711296558380127,28716.110518693924
5,MUL2084-7,2.664933204650879,28716.110518693924
5,MUL1536-8,4.611161231994629,28716.110518693924
5,SNG0439-2,0.973841667175293,28716.110518693924
5,SSNG0286-2,1.7491512298583984,28716.110518693924
5,PMUL0195-7,19.090595245361328,28716.110518693924
5,PMUL1469-5,3.078599452972412,28716.110518693924
5,PMUL0699-3,6.348478317260742,28716.110518693924
5,MUL0535-1,2.4698915481567383,28716.110518693924
5,PMUL0762-6,3.9925432205200195,28716.110518693924
5,PMUL2771-4,10.866105079650879,28716.110518693924
5,WOZ20111-2,0.5026670694351196,28716.110518693924
5,MUL0961-10,8.500275611877441,28716.110518693924
5,WOZ20318-4,2.8991518020629883,28716.110518693924
5,WOZ20185-2,0.7612741589546204,28716.110518693924
5,MUL1952-6,3.458451986312866,28716.110518693924
5,MUL0633-8,4.090343475341797,28716.110518693924
5,MUL2362-7,15.439263343811035,28716.110518693924
5,PMUL4456-3,2.4246606826782227,28716.110518693924
5,SSNG0337-7,1.6663103103637695,28716.110518693924
5,SNG0774-2,1.02597975730896,28716.110518693924
5,PMUL0843-1,2.6016085147857666,28716.110518693924
5,SNG0307-4,0.8452969193458557,28716.110518693924
5,SNG02239-3,2.7299671173095703,28716.110518693924
5,MUL2555-4,2.337315082550049,28716.110518693924
5,SNG0682-5,4.18435001373291,28716.110518693924
5,PMUL4111-7,5.9779953956604,28716.110518693924
5,PMUL0257-7,3.03639554977417,28716.110518693924
5,PMUL1349-2,2.5030534267425537,28716.110518693924
5,WOZ20187-6,10.203187942504883,28716.110518693924
5,PMUL3757-7,13.88936996459961,28716.110518693924
5,PMUL0551-7,9.712580680847168,28716.110518693924
5,SSNG0375-4,3.6447064876556396,28716.110518693924
5,PMUL0838-3,6.763980865478516,28716.110518693924
5,MUL2272-3,4.846761226654053,28716.110518693924
5,MUL1031-13,23.63067054748535,28716.110518693924
5,PMUL0490-8,16.784149169921875,28716.110518693924
5,SNG0408-1,1.6745645999908447,28716.110518693924
5,PMUL0324-6,6.241489887237549,28716.110518693924
5,MUL0766-5,2.923139810562134,28716.110518693924
5,SNG1257-0,0.7813564538955688,28716.110518693924
5,MUL1882-6,2.2223081588745117,28716.110518693924
5,WOZ20375-0,1.1513274908065796,28716.110518693924
5,MUL0136-7,8.344367027282715,28716.110518693924
5,SNG0044-3,13.502605438232422,28716.110518693924
5,PMUL1740-5,1.4767863750457764,28716.110518693924
5,MUL1587-6,1.8245275020599365,28716.110518693924
5,MUL1940-5,2.2579634189605713,28716.110518693924
5,MUL1380-6,4.071900844573975,28716.110518693924
5,MUL2168-6,1.0265854597091675,28716.110518693924
5,MUL0283-4,2.99005389213562,28716.110518693924
5,PMUL1588-1,1.6443642377853394,28716.110518693924
5,SSNG0156-0,0.8910772204399109,28716.110518693924
5,SSNG0114-0,0.619712233543396,28716.110518693924
5,SSNG0084-3,5.25506591796875,28716.110518693924
5,PMUL4887-4,2.47267746925354,28716.110518693924
5,PMUL3386-7,4.219595909118652,28716.110518693924
5,PMUL2706-6,5.984469413757324,28716.110518693924
5,PMUL0735-10,5.450655937194824,28716.110518693924
5,PMUL2801-5,2.193337917327881,28716.110518693924
5,MUL0934-7,14.322358131408691,28716.110518693924
5,PMUL2277-3,0.5175687074661255,28716.110518693924
5,MUL0009-8,3.518977403640747,28716.110518693924
5,MUL1007-2,3.761946201324463,28716.110518693924
5,PMUL2525-7,36.9676513671875,28716.110518693924
5,SSNG0009-1,0.4564245939254761,28716.110518693924
5,SNG0548-3,6.764582633972168,28716.110518693924
5,PMUL4901-5,1.7254911661148071,28716.110518693924
5,SNG0766-4,1.499871015548706,28716.110518693924
5,PMUL4063-2,4.329930305480957,28716.110518693924
5,PMUL1696-5,4.827124118804932,28716.110518693924
5,SNG01815-1,12.795080184936523,28716.110518693924
5,MUL0996-4,25.70708656311035,28716.110518693924
5,WOZ20624-1,0.018802201375365257,28716.110518693924
5,MUL2104-6,5.424028396606445,28716.110518693924
5,SNG0619-1,0.6833564043045044,28716.110518693924
5,SNG1009-4,1.0957109928131104,28716.110518693924
5,SSNG0080-6,1.957080602645874,28716.110518693924
5,WOZ20049-2,3.7629308700561523,28716.110518693924
5,PMUL0412-10,6.665164470672607,28716.110518693924
5,MUL2335-6,26.64668083190918,28716.110518693924
5,PMUL1051-3,2.1920905113220215,28716.110518693924
5,PMUL4147-6,1.2624454498291016,28716.110518693924
5,PMUL1926-7,3.5077719688415527,28716.110518693924
5,PMUL0639-6,7.841339588165283,28716.110518693924
5,SNG1045-3,0.9882584810256958,28716.110518693924
5,PMUL3654-6,3.024960517883301,28716.110518693924
5,PMUL2487-6,8.362483978271484,28716.110518693924
5,SNG0379-0,2.657594680786133,28716.110518693924
5,SNG1214-2,5.685378074645996,28716.110518693924
5,WOZ20249-0,2.4129161834716797,28716.110518693924
5,MUL2125-9,4.375901699066162,28716.110518693924
5,MUL2055-6,7.746976375579834,28716.110518693924
5,SSNG0154-1,3.5547640323638916,28716.110518693924
5,SNG0685-3,4.330075263977051,28716.110518693924
5,PMUL3445-5,3.4015274047851562,28716.110518693924
5,MUL1773-3,1.7159342765808105,28716.110518693924
5,SNG02171-0,4.8735671043396,28716.110518693924
6,PMUL2450-6,11.416338920593262,41642.88096618652
6,PMUL2875-11,20.57754898071289,41642.88096618652
6,MUL2411-4,4.0314555168151855,41642.88096618652
6,PMUL3355-4,4.472700595855713,41642.88096618652
6,WOZ20030-1,0.22519327700138092,41642.88096618652
6,PMUL1225-7,5.041569232940674,41642.88096618652
6,MUL1557-5,3.439331293106079,41642.88096618652
6,PMUL4096-7,5.428476333618164,41642.88096618652
6,SNG0570-0,1.147100806236267,41642.88096618652
6,SNG1373-2,7.383571147918701,41642.88096618652
6,MUL1539-0,3.1994383335113525,41642.88096618652
6,MUL0857-9,15.14880657196045,41642.88096618652
6,MUL0981-6,3.929319381713867,41642.88096618652
6,SSNG0391-1,1.0466673374176025,41642.88096618652
6,MUL0547-6,6.4475626945495605,41642.88096618652
6,SNG02206-3,1.209040880203247,41642.88096618652
6,PMUL1510-4,3.876027822494507,41642.88096618652
6,MUL0001-8,5.345075607299805,41642.88096618652
6,PMUL3427-5,4.917941570281982,41642.88096618652
6,MUL1553-4,5.242105007171631,41642.88096618652
6,MUL0308-4,5.161495208740234,41642.88096618652
6,PMUL4496-3,3.817955732345581,41642.88096618652
6,MUL0920-4,1.6052783727645874,41642.88096618652
6,SNG0513-1,1.4925576448440552,41642.88096618652
6,MUL1456-5,6.372680187225342,41642.88096618652
6,PMUL2923-10,10.471660614013672,41642.88096618652
6,MUL2363-6,2.3802902698516846,41642.88096618652
6,PMUL1667-7,1.8820909261703491,41642.88096618652
6,MUL0103-6,4.449821472167969,41642.88096618652
6,MUL2620-8,15.145925521850586,41642.88096618652
6,SNG0886-3,1.1851775646209717,41642.88096618652
6,PMUL0417-8,7.050479412078857,41642.88096618652
6,MUL0449-4,7.549245357513428,41642.88096618652
6,PMUL1196-2,0.17394185066223145,41642.88096618652
6,PMUL1618-5,4.305955410003662,41642.88096618652
6,SNG1029-5,0.9468031525611877,41642.88096618652
6,MUL1961-1,1.3961622714996338,41642.88096618652
6,PMUL2598-5,5.280760765075684,41642.88096618652
6,PMUL2987-6,4.124250411987305,41642.88096618652
6,PMUL1647-7,1.9620623588562012,41642.88096618652
6,PMUL4213-7,1.4239932298660278,41642.88096618652
6,SNG0290-0,1.1114434003829956,41642.88096618652
6,PMUL2416-7,14.946340560913086,41642.88096618652
6,SNG0850-1,1.1961939334869385,41642.88096618652
6,MUL0855-2,2.5898540019989014,41642.88096618652
6,MUL0266-3,3.5932457447052,41642.88096618652
6,PMUL4834-4,3.031689405441284,41642.88096618652
6,PMUL2269-5,14.708075523376465,41642.88096618652
6,WOZ20084-4,3.0446274280548096,41642.88096618652
6,PMUL1924-4,3.32653546333313,41642.88096618652
6,PMUL1829-3,3.0962016582489014,41642.88096618652
6,PMUL1421-0,1.2081074714660645,41642.88096618652
6,SNG1193-3,0.8548699021339417,41642.88096618652
6,SNG1030-1,1.1626250743865967,41642.88096618652
6,WOZ20400-1,2.080212354660034,41642.88096618652
6,SNG0561-4,2.2807319164276123,41642.88096618652
6,PMUL1590-5,1.6199657917022705,41642.88096618652
6,PMUL4587-6,12.123741149902344,41642.88096618652
6,MUL0017-5,2.1441729068756104,41642.88096618652
6,WOZ20670-3,0.16703279316425323,41642.88096618652
6,WOZ20203-0,0.14664699137210846,41642.88096618652
6,SNG01961-2,20.121641159057617,41642.88096618652
6,SNG0313-0,1.4671614170074463,41642.88096618652
6,PMUL3631-0,1.2932415008544922,41642.88096618652
6,PMUL1888-3,1.290884017944336,41642.88096618652
6,PMUL1567-7,4.5240631103515625,41642.88096618652
6,MUL2634-5,2.3589513301849365,41642.88096618652
6,PMUL0230-6,4.090343952178955,41642.88096618652
6,PMUL4185-8,13.473386764526367,41642.88096618652
6,MUL0834-6,12.466988563537598,41642.88096618652
6,SSNG0383-6,2.300276041030884,41642.88096618652
6,MUL0235-4,6.404077529907227,41642.88096618652
6,PMUL3808-4,2.7432241439819336,41642.88096618652
6,MUL0562-4,1.4025237560272217,41642.88096618652
6,MUL1876-5,4.797314167022705,41642.88096618652
6,PMUL2126-10,11.957046508789062,41642.88096618652
6,PMUL0269-1,3.3849713802337646,41642.88096618652
6,WOZ20584-0,2.902449131011963,41642.88096618652
6,SNG1392-4,3.594233274459839,41642.88096618652
6,MUL1970-5,1.719972848892212,41642.88096618652
6,PMUL0792-0,6.4548540115356445,41642.88096618652
6,WOZ20079-4,4.9784440994262695,41642.88096618652
6,PMUL4397-5,9.97661304473877,41642.88096618652
6,MUL0330-7,4.442684650421143,41642.88096618652
6,SNG01722-3,6.938450813293457,41642.88096618652
6,MUL1716-6,3.115915060043335,41642.88096618652
6,PMUL3889-5,12.101875305175781,41642.88096618652
6,WOZ20473-0,1.4977917671203613,41642.88096618652
6,PMUL1824-6,10.069135665893555,41642.88096618652
6,PMUL4437-3,1.9904208183288574,41642.88096618652
6,PMUL3548-4,7.166891574859619,41642.88096618652
6,SNG01829-5,1.0491113662719727,41642.88096618652
6,PMUL4858-6,2.584761619567871,41642.88096618652
6,SNG1346-3,3.096357583999634,41642.88096618652
6,MUL1563-8,5.382780075073242,41642.88096618652
6,PMUL2833-7,3.690995693206787,41642.88096618652
6,SNG0365-3,3.102827310562134,41642.88096618652
6,PMUL2720-2,2.3494009971618652,41642.88096618652
6,PMUL4394-6,5.973300933837891,41642.88096618652
6,WOZ20626-3,0.6535028219223022,41642.88096618652
7,PMUL0382-11,7.333108425140381,43770.90151929855
7,SSNG0318-2,2.025653123855591,43770.90151929855
7,WOZ20098-1,2.1508278846740723,43770.90151929855
7,MUL0336-1,3.9479565620422363,43770.90151929855
7,MUL0929-6,13.627157211303711,43770.90151929855
7,MUL1114-10,6.822455406188965,43770.90151929855
7,PMUL1178-1,3.327441692352295,43770.90151929855
7,MUL2581-8,7.849923133850098,43770.90151929855
7,PMUL1766-1,1.4473053216934204,43770.90151929855
7,PMUL2871-6,9.929902076721191,43770.90151929855
7,SSNG0330-5,2.8749516010284424,43770.90151929855
7,PMUL1668-1,2.117612361907959,43770.90151929855
7,SNG0871-3,3.007323980331421,43770.90151929855
7,MUL1845-1,1.5645180940628052,43770.90151929855
7,PMUL4568-5,10.272438049316406,43770.90151929855
7,MUL0270-3,3.68142032623291,43770.90151929855
7,PMUL3347-7,5.9048285484313965,43770.90151929855
7,MUL2244-4,2.7616257667541504,43770.90151929855
7,PMUL4119-2,4.029740333557129,43770.90151929855
7,MUL0147-4,3.23858904838562,43770.90151929855
7,PMUL0054-7,10.836682319641113,43770.90151929855
7,PMUL0606-0,4.880109786987305,43770.90151929855
7,SSNG0272-4,2.2731900215148926,43770.90151929855
7,SNG1027-4,2.367875814437866,43770.90151929855
7,SNG01180-1,1.5985361337661743,43770.90151929855
7,WOZ20066-4,0.5131008625030518,43770.90151929855
7,SNG1107-1,0.35217371582984924,43770.90151929855
7,PMUL2632-3,1.1141613721847534,43770.90151929855
7,PMUL2173-3,2.712317943572998,43770.90151929855
7,SNG01545-4,1.1643471717834473,43770.90151929855
7,PMUL2851-10,6.640369892120361,43770.90151929855
7,WOZ20653-0,1.43439781665802,43770.90151929855
7,PMUL1445-2,1.2651647329330444,43770.90151929855
7,PMUL3488-2,2.1868481636047363,43770.90151929855
7,MUL2302-8,5.440479278564453,43770.90151929855
7,MUL1032-6,3.836132764816284,43770.90151929855
7,MUL2283-6,3.2293312549591064,43770.90151929855
7,PMUL4441-5,5.020742893218994,43770.90151929855
7,PMUL4017-2,2.206131935119629,43770.90151929855
7,PMUL1010-0,1.2632910013198853,43770.90151929855
7,PMUL3765-9,2.2399234771728516,43770.90151929855
7,PMUL1539-5,5.9443678855896,43770.90151929855
7,PMUL1842-5,2.1647167205810547,43770.90151929855
7,WOZ20060-4,1.1651791334152222,43770.90151929855
7,PMUL0598-7,4.818711280822754,43770.90151929855
7,MUL1889-2,5.025399208068848,43770.90151929855
7,PMUL2572-13,17.788021087646484,43770.90151929855
7,PMUL4280-7,3.677243947982788,43770.90151929855
7,MUL1568-5,2.7422404289245605,43770.90151929855
7,SSNG0133-0,7.8527703285217285,43770.90151929855
7,MUL0757-1,3.0848166942596436,43770.90151929855
7,PMUL1058-8,6.675983905792236,43770.90151929855
7,PMUL0014-8,9.684333801269531,43770.90151929855
7,PMUL0018-4,4.493688106536865,43770.90151929855
7,MUL1792-0,2.8040931224823,43770.90151929855
7,PMUL3887-2,3.3868472576141357,43770.90151929855
7,WOZ20643-1,0.0555499866604805,43770.90151929855
7,PMUL4146-4,6.455224990844727,43770.90151929855
7,PMUL1252-0,2.043255090713501,43770.90151929855
7,MUL1815-2,1.334464430809021,43770.90151929855
7,PMUL2031-2,8.227187156677246,43770.90151929855
7,PMUL2783-4,1.994255542755127,43770.90151929855
7,PMUL2366-6,12.3718843460083,43770.90151929855
7,WOZ20224-0,0.5929315090179443,43770.90151929855
7,PMUL4135-0,2.76741099357605,43770.90151929855
7,SNG0426-0,1.617238163948059,43770.90151929855
7,PMUL3970-9,9.447542190551758,43770.90151929855
7,PMUL4772-8,4.892580509185791,43770.90151929855
7,MUL2033-6,2.7580296993255615,43770.90151929855
7,PMUL2828-11,12.869462013244629,43770.90151929855
7,SNG0612-3,2.1455588340759277,43770.90151929855
7,MUL1413-7,4.347964286804199,43770.90151929855
7,SNG0761-3,2.4292080402374268,43770.90151929855
7,PMUL2413-7,12.240035057067871,43770.90151929855
7,WOZ20471-2,2.141618251800537,43770.90151929855
7,WOZ20155-0,4.597235679626465,43770.90151929855
7,SNG0047-1,6.622076988220215,43770.90151929855
7,PMUL1419-2,3.893221616744995,43770.90151929855
7,MUL0462-2,1.5079982280731201,43770.90151929855
7,PMUL0602-3,2.1457040309906006,43770.90151929855
7,PMUL1382-2,2.0110206604003906,43770.90151929855
7,WOZ20381-0,0.9585795402526855,43770.90151929855
7,MUL0487-7,1.8818484544754028,43770.90151929855
7,PMUL1380-2,6.866486072540283,43770.90151929855
7,MUL2232-5,2.3617868423461914,43770.90151929855
7,MUL0874-5,16.392717361450195,43770.90151929855
7,PMUL0628-5,5.466619491577148,43770.90151929855
7,PMUL3198-5,9.935174942016602,43770.90151929855
7,MUL0679-6,6.623191833496094,43770.90151929855
7,MUL2689-4,5.616316318511963,43770.90151929855
7,MUL0429-2,1.788659691810608,43770.90151929855
7,MUL1287-6,3.2158381938934326,43770.90151929855
7,PMUL3036-2,1.3012449741363525,43770.90151929855
7,MUL1123-5,0.41888871788978577,43770.90151929855
7,PMUL3854-6,2.2007853984832764,43770.90151929855
7,WOZ20639-1,1.6364911794662476,43770.90151929855
7,PMUL2318-6,1.2469772100448608,43770.90151929855
7,PMUL2034-13,12.3374605178833,43770.90151929855
7,WOZ20263-0,3.4784889221191406,43770.90151929855
7,PMUL0021-8,5.749765396118164,43770.90151929855
8,MUL0280-3,0.43056437373161316,48976.92530322075
8,PMUL2292-2,9.262812614440918,48976.92530322075
8,SNG01327-2,22.785167694091797,48976.92530322075
8,SNG0493-3,0.8847432732582092,48976.92530322075
8,PMUL0914-5,1.0663414001464844,48976.92530322075
8,MUL2205-7,3.3826441764831543,48976.92530322075
8,MUL1919-9,1.034031629562378,48976.92530322075
8,MUL2383-6,7.746206283569336,48976.92530322075
8,PMUL2511-6,9.06725788116455,48976.92530322075
8,MUL2056-7,1.7152653932571411,48976.92530322075
8,MUL1809-4,3.7257113456726074,48976.92530322075
8,MUL1741-2,0.46032413840293884,48976.92530322075
8,PMUL1146-4,0.5465682148933411,48976.92530322075
8,PMUL3155-8,1.9007914066314697,48976.92530322075
8,SSNG0317-5,1.6955915689468384,48976.92530322075
8,SNG1111-1,0.1724138706922531,48976.92530322075
8,MUL0211-5,0.7433943152427673,48976.92530322075
8,MUL1777-0,0.22602388262748718,48976.92530322075
8,SNG1271-0,3.163552761077881,48976.92530322075
8,MUL0288-1,9.824023246765137,48976.92530322075
8,MUL1910-1,0.9029026627540588,48976.92530322075
8,SNG1230-3,1.7365143299102783,48976.92530322075
8,PMUL4545-9,6.679116249084473,48976.92530322075
8,MUL1111-6,1.913413643836975,48976.92530322075
8,PMUL1175-6,1.9694294929504395,48976.92530322075
8,SSNG0221-1,0.030581161379814148,48976.92530322075
8,PMUL0371-9,4.220583915710449,48976.92530322075
8,PMUL0779-5,1.305467963218689,48976.92530322075
8,WOZ20350-0,2.163227081298828,48976.92530322075
8,WOZ20603-3,0.0357179194688797,48976.92530322075
8,PMUL3847-3,1.9170517921447754,48976.92530322075
8,PMUL2993-5,5.716902732849121,48976.92530322075
8,SNG1144-3,0.8266761302947998,48976.92530322075
8,WOZ20635-2,4.137630462646484,48976.92530322075
8,PMUL4704-6,2.395037889480591,48976.92530322075
8,WOZ20177-1,1.8353064060211182,48976.92530322075
8,PMUL4867-2,0.4778713285923004,48976.92530322075
8,WOZ20627-0,0.5004231333732605,48976.92530322075
8,WOZ20557-0,2.964555501937866,48976.92530322075
8,PMUL1068-0,2.369353771209717,48976.92530322075
8,WOZ20585-2,0.05631355196237564,48976.92530322075
8,SNG1084-3,0.08923467248678207,48976.92530322075
8,WOZ20235-2,1.0205103158950806,48976.92530322075
8,PMUL3987-3,4.417965888977051,48976.92530322075
8,SSNG0202-4,1.3417909145355225,48976.92530322075
8,PMUL0192-2,4.418945789337158,48976.92530322075
8,MUL2501-5,11.39509391784668,48976.92530322075
8,SNG0920-1,1.4240895509719849,48976.92530322075
8,PMUL4891-5,4.812043190002441,48976.92530322075
8,PMUL0583-2,2.0010738372802734,48976.92530322075
8,MUL1670-7,1.2612888813018799,48976.92530322075
8,PMUL4734-9,8.037117004394531,48976.92530322075
8,MUL1812-4,5.470224380493164,48976.92530322075
8,MUL0776-1,1.7967441082000732,48976.92530322075
8,PMUL3780-2,2.4027750492095947,48976.92530322075
8,SNG01325-2,17.276042938232422,48976.92530322075
8,PMUL4516-0,2.5452141761779785,48976.92530322075
8,PMUL1503-0,1.2078462839126587,48976.92530322075
8,SSNG0253-3,1.256285548210144,48976.92530322075
8,SNG1140-0,0.7229121327400208,48976.92530322075
8,PMUL1011-2,1.977776288986206,48976.92530322075
8,PMUL3365-4,1.4385950565338135,48976.92530322075
8,MUL2334-7,8.4361572265625,48976.92530322075
8,SNG01471-0,0.12381826341152191,48976.92530322075
8,MUL0972-8,7.3636980056762695,48976.92530322075
8,PMUL2901-3,1.2875022888183594,48976.92530322075
8,WOZ20201-0,4.063990116119385,48976.92530322075
8,SNG02183-0,3.2492289543151855,48976.92530322075
8,PMUL3524-4,0.5576264262199402,48976.92530322075
8,MUL1261-5,1.6828112602233887,48976.92530322075
8,MUL0764-2,1.2746117115020752,48976.92530322075
8,PMUL4696-1,0.2204916775226593,48976.92530322075
8,PMUL3182-4,2.4990899562835693,48976.92530322075
8,PMUL4292-7,3.9256763458251953,48976.92530322075
8,PMUL0920-6,1.9151157140731812,48976.92530322075
8,SSNG0117-0,1.9792159795761108,48976.92530322075
8,SNG01457-2,6.349865913391113,48976.92530322075
8,PMUL0387-8,4.967136859893799,48976.92530322075
8,SNG01711-0,2.7788515090942383,48976.92530322075
8,PMUL2810-6,2.6628713607788086,48976.92530322075
8,SNG01857-0,9.615564346313477,48976.92530322075
8,MUL2261-3,1.9746707677841187,48976.92530322075
8,PMUL1285-1,0.20934435725212097,48976.92530322075
8,SNG01806-1,0.6191096901893616,48976.92530322075
8,PMUL1922-0,1.198344111442566,48976.92530322075
8,SNG01562-2,3.0401527881622314,48976.92530322075
8,SSNG0051-4,3.7214903831481934,48976.92530322075
8,PMUL0663-1,4.410847187042236,48976.92530322075
8,SNG02130-1,2.3750288486480713,48976.92530322075
8,PMUL2817-6,0.8677602410316467,48976.92530322075
8,MUL1559-7,1.154142141342163,48976.92530322075
8,PMUL2125-1,3.699878454208374,48976.92530322075
8,PMUL0651-1,0.6560131311416626,48976.92530322075
8,WOZ20302-3,0.21379190683364868,48976.92530322075
8,PMUL2184-8,8.015403747558594,48976.92530322075
8,MUL2575-5,1.004647135734558,48976.92530322075
8,MUL2093-4,2.0812690258026123,48976.92530322075
8,MUL2147-8,1.6062872409820557,48976.92530322075
8,SNG0292-0,0.30731943249702454,48976.92530322075
8,MUL1496-5,1.3716635704040527,48976.92530322075
9,MUL2211-9,1.7559692859649658,35774.11478590965
9,MUL1100-10,5.835880279541016,35774.11478590965
9,PMUL3527-1,1.1458553075790405,35774.11478590965
9,SNG02082-0,0.9771820902824402,35774.11478590965
9,MUL0231-4,2.637157440185547,35774.11478590965
9,MUL1653-2,2.2472472190856934,35774.11478590965
9,SNG0464-2,2.7453269958496094,35774.11478590965
9,PMUL2698-4,1.6421175003051758,35774.11478590965
9,PMUL0734-1,1.355918526649475,35774.11478590965
9,MUL1193-10,6.511122226715088,35774.11478590965
9,SNG0258-0,0.8203257918357849,35774.11478590965
9,PMUL4679-0,1.4649202823638916,35774.11478590965
9,SNG0367-0,0.7852739095687866,35774.11478590965
9,PMUL0642-1,0.837567925453186,35774.11478590965
9,MUL0008-12,3.873410701751709,35774.11478590965
9,PMUL0592-3,1.913713812828064,35774.11478590965
9,PMUL3343-0,1.2680976390838623,35774.11478590965
9,MUL2369-6,21.38606071472168,35774.11478590965
9,MUL1169-9,5.679577827453613,35774.11478590965
9,PMUL3619-5,2.3632898330688477,35774.11478590965
9,PMUL0960-6,2.8399972915649414,35774.11478590965
9,PMUL3411-7,9.339469909667969,35774.11478590965
9,MUL2653-2,3.376025676727295,35774.11478590965
9,PMUL0156-3,2.4045488834381104,35774.11478590965
9,MUL2600-6,15.515359878540039,35774.11478590965
9,PMUL0430-2,1.5550994873046875,35774.11478590965
9,SNG0012-3,5.60108757019043,35774.11478590965
9,SNG02257-1,2.632009267807007,35774.11478590965
9,MUL1877-5,1.187937617301941,35774.11478590965
9,MUL2110-3,0.8571726083755493,35774.11478590965
9,PMUL3175-1,0.9560032486915588,35774.11478590965
9,PMUL1434-2,0.020837321877479553,35774.11478590965
9,SNG01275-1,0.920554518699646,35774.11478590965
9,SNG01500-2,1.7085012197494507,35774.11478590965
9,PMUL3385-1,0.6179782152175903,35774.11478590965
9,PMUL0666-0,0.9428500533103943,35774.11478590965
9,PMUL2395-5,9.527796745300293,35774.11478590965
9,WOZ20163-0,0.011954650282859802,35774.11478590965
9,MUL1497-0,1.1463550329208374,35774.11478590965
9,MUL0951-6,7.716121673583984,35774.11478590965
9,PMUL1117-7,3.0235755443573,35774.11478590965
9,PMUL4770-3,2.3976504802703857,35774.11478590965
9,PMUL4006-6,1.7596890926361084,35774.11478590965
9,MUL1058-9,4.596210479736328,35774.11478590965
9,PMUL0313-5,2.3604462146759033,35774.11478590965
9,MUL2364-5,3.0256521701812744,35774.11478590965
9,SNG0537-0,2.4503262042999268,35774.11478590965
9,WOZ20072-1,0.012217104434967041,35774.11478590965
9,PMUL1716-1,1.4397196769714355,35774.11478590965
9,MUL2639-3,1.0895963907241821,35774.11478590965
9,SSNG0005-1,3.2631587982177734,35774.11478590965
9,MUL1474-3,1.5366889238357544,35774.11478590965
9,MUL0077-5,2.3179545402526855,35774.11478590965
9,MUL2150-6,2.6750175952911377,35774.11478590965
9,PMUL0222-4,1.6972402334213257,35774.11478590965
9,SNG0628-3,2.2103114128112793,35774.11478590965
9,SNG0924-0,0.5324513912200928,35774.11478590965
9,PMUL4883-6,1.826129674911499,35774.11478590965
9,PMUL4596-0,1.0480847358703613,35774.11478590965
9,PMUL0231-2,3.370029926300049,35774.11478590965
9,WOZ20194-2,0.8177118301391602,35774.11478590965
9,SNG0906-3,1.4875036478042603,35774.11478590965
9,PMUL2633-4,1.435529351234436,35774.11478590965
9,PMUL0879-1,0.8554848432540894,35774.11478590965
9,PMUL3025-4,1.3746190071105957,35774.11478590965
9,SSNG0188-0,0.974367618560791,35774.11478590965
9,WOZ20453-1,0.3181309103965759,35774.11478590965
9,PMUL4191-4,1.9886692762374878,35774.11478590965
9,WOZ20392-2,1.249205470085144,35774.11478590965
9,MUL1306-12,2.6844561100006104,35774.11478590965
9,PMUL4221-2,0.855398952960968,35774.11478590965
9,PMUL0629-3,1.8669663667678833,35774.11478590965
9,MUL2075-5,2.9704737663269043,35774.11478590965
9,MUL0998-3,3.6388237476348877,35774.11478590965
9,WOZ20139-4,1.6292119026184082,35774.11478590965
9,MUL0618-3,2.0405569076538086,35774.11478590965
9,PMUL4525-5,2.8313820362091064,35774.11478590965
9,PMUL0460-12,5.085043430328369,35774.11478590965
9,PMUL0845-2,1.0908418893814087,35774.11478590965
9,PMUL3901-0,1.4867416620254517,35774.11478590965
9,PMUL0945-1,1.2064471244812012,35774.11478590965
9,PMUL0491-5,6.5892534255981445,35774.11478590965
9,SNG0315-0,0.8221859931945801,35774.11478590965
9,PMUL2390-6,6.92191743850708,35774.11478590965
9,MUL1930-7,2.3418936729431152,35774.11478590965
9,MUL0968-6,9.247902870178223,35774.11478590965
9,MUL1053-0,3.0394277572631836,35774.11478590965
9,MUL0862-4,2.1866843700408936,35774.11478590965
9,PMUL1141-2,2.6955487728118896,35774.11478590965
9,SNG02201-3,1.6635181903839111,35774.11478590965
9,SNG0063-1,3.3987088203430176,35774.11478590965
9,SNG0622-3,0.33681097626686096,35774.11478590965
9,MUL2404-3,2.2489233016967773,35774.11478590965
9,PMUL0797-8,1.662444829940796,35774.11478590965
9,PMUL3746-4,2.726977586746216,35774.11478590965
9,PMUL2186-3,2.810577392578125,35774.11478590965
9,PMUL1967-0,0.8255206942558289,35774.11478590965
9,PMUL0542-1,4.849701404571533,35774.11478590965
9,MUL2123-8,2.164252996444702,35774.11478590965
9,SNG0510-1,0.022338582202792168,35774.11478590965
10,PMUL3101-4,2.267465591430664,46179.642349004745
10,PMUL3710-6,4.138949871063232,46179.642349004745
10,SSNG0238-3,0.9414392113685608,46179.642349004745
10,PMUL3848-2,0.4142846465110779,46179.642349004745
10,SNG0583-0,0.9028651118278503,46179.642349004745
10,PMUL3421-0,3.7427830696105957,46179.642349004745
10,PMUL1838-5,5.024545192718506,46179.642349004745
10,PMUL2221-10,15.333169937133789,46179.642349004745
10,SNG0679-3,1.388586401939392,46179.642349004745
10,SNG1134-2,2.3457236289978027,46179.642349004745
10,WOZ20093-3,1.3618781566619873,46179.642349004745
10,SSNG0065-1,1.6265708208084106,46179.642349004745
10,WOZ20023-0,1.7682679891586304,46179.642349004745
10,PMUL4071-3,2.6266064643859863,46179.642349004745
10,PMUL0650-6,2.8125452995300293,46179.642349004745
10,PMUL3713-4,2.0387566089630127,46179.642349004745
10,MUL0870-8,2.3173341751098633,46179.642349004745
10,SNG1118-3,0.06612556427717209,46179.642349004745
10,PMUL2886-7,4.718393802642822,46179.642349004745
10,WOZ20576-3,0.99588543176651,46179.642349004745
10,PMUL4162-4,1.2452012300491333,46179.642349004745
10,SSNG0092-4,2.759232521057129,46179.642349004745
10,WOZ20332-0,1.553378939628601,46179.642349004745
10,PMUL1535-4,2.8336496353149414,46179.642349004745
10,PMUL1213-4,1.552692174911499,46179.642349004745
10,PMUL0341-4,1.0949006080627441,46179.642349004745
10,SNG1156-1,5.741404056549072,46179.642349004745
10,PMUL2056-2,4.068603515625,46179.642349004745
10,SNG0438-3,1.0551561117172241,46179.642349004745
10,SNG01897-1,22.047861099243164,46179.642349004745
10,SSNG0278-7,3.3897738456726074,46179.642349004745
10,PMUL4160-3,1.1965566873550415,46179.642349004745
10,PMUL2776-5,3.5247344970703125,46179.642349004745
10,PMUL0094-3,2.880833864212036,46179.642349004745
10,MUL2034-1,0.4547933340072632,46179.642349004745
10,PMUL0980-3,3.037508010864258,46179.642349004745
10,MUL2546-5,7.282534122467041,46179.642349004745
10,PMUL3420-5,2.324065685272217,46179.642349004745
10,MUL2550-8,12.458338737487793,46179.642349004745
10,WOZ20634-2,1.6800944805145264,46179.642349004745
10,PMUL4189-3,3.4512898921966553,46179.642349004745
10,PMUL3904-5,3.6776676177978516,46179.642349004745
10,SNG1270-0,1.0258545875549316,46179.642349004745
10,PMUL0890-8,3.5796945095062256,46179.642349004745
10,SNG0677-4,0.34880489110946655,46179.642349004745
10,MUL2008-4,2.1535613536834717,46179.642349004745
10,MUL0019-1,1.2758221626281738,46179.642349004745
10,WOZ20583-1,0.352975994348526,46179.642349004745
10,PMUL0268-5,1.539166808128357,46179.642349004745
10,SSNG0291-6,0.7768439054489136,46179.642349004745
10,PMUL4015-5,1.8926434516906738,46179.642349004745
10,PMUL3849-7,1.2242131233215332,46179.642349004745
10,SNG01456-1,0.7776524424552917,46179.642349004745
10,SNG1164-2,2.016078472137451,46179.642349004745
10,PMUL1898-6,1.590459942817688,46179.642349004745
10,PMUL1759-4,2.448935031890869,46179.642349004745
10,MUL0186-5,3.9746792316436768,46179.642349004745
10,PMUL0349-6,18.660297393798828,46179.642349004745
10,MUL0558-2,1.0612279176712036,46179.642349004745
10,SSNG0003-1,1.636183738708496,46179.642349004745
10,PMUL2055-5,5.244203090667725,46179.642349004745
10,MUL1385-7,3.2013072967529297,46179.642349004745
10,MUL2679-6,2.4566383361816406,46179.642349004745
10,PMUL2280-4,4.034235000610352,46179.642349004745
10,MUL2059-5,2.2388107776641846,46179.642349004745
10,PMUL1676-1,0.6684576869010925,46179.642349004745
10,PMUL2038-3,0.8655281662940979,46179.642349004745
10,PMUL1447-5,0.8663706183433533,46179.642349004745
10,SNG0838-3,2.280794143676758,46179.642349004745
10,WOZ20190-0,1.0751758813858032,46179.642349004745
10,PMUL3249-5,7.837900638580322,46179.642349004745
10,MUL0946-7,1.8744522333145142,46179.642349004745
10,PMUL0925-6,3.9993293285369873,46179.642349004745
10,SNG0480-0,0.3028315305709839,46179.642349004745
10,PMUL1448-2,1.3703831434249878,46179.642349004745
10,PMUL4093-4,1.0589615106582642,46179.642349004745
10,PMUL0152-9,10.656563758850098,46179.642349004745
10,MUL1646-2,1.4965951442718506,46179.642349004745
10,PMUL4831-6,3.479562759399414,46179.642349004745
10,PMUL4380-6,1.0474735498428345,46179.642349004745
10,SNG0648-0,2.8031795024871826,46179.642349004745
10,MUL1331-9,9.461274147033691,46179.642349004745
10,PMUL1467-4,7.286189079284668,46179.642349004745
10,PMUL1077-2,1.6120949983596802,46179.642349004745
10,MUL1801-5,8.886733055114746,46179.642349004745
10,SNG1115-2,1.629936933517456,46179.642349004745
10,MUL1521-4,1.2556287050247192,46179.642349004745
10,MUL1813-2,1.0294756889343262,46179.642349004745
10,PMUL3229-9,5.278780937194824,46179.642349004745
10,SNG1247-4,0.47614961862564087,46179.642349004745
10,SSNG0352-3,1.810425877571106,46179.642349004745
10,PMUL2288-4,4.4509501457214355,46179.642349004745
10,SNG01938-1,1.2976303100585938,46179.642349004745
10,MUL2419-9,11.170120239257812,46179.642349004745
10,WOZ20142-0,3.598940849304199,46179.642349004745
10,PMUL2367-4,0.8052195310592651,46179.642349004745
10,MUL0762-9,4.623652458190918,46179.642349004745
10,PMUL4154-6,3.23757004737854,46179.642349004745
10,SNG0614-2,1.532233476638794,46179.642349004745
10,PMUL2493-5,4.069526195526123,46179.642349004745
